Date,New Zealand,Far North District,Whangarei District,Kaipara District,Rodney District (2010 and earlier),North Shore City (2010 and earlier),Waitakere City (2010 and earlier),Auckland City (2010 and earlier),Manukau City (2010 and earlier),Papakura District (2010 and earlier),Franklin District (2010 and earlier),Thames-Coromandel District,Hauraki District,Waikato District,Matamata-Piako District,Hamilton City,Waipa District,Otorohanga District,South Waikato District,Waitomo District,Taupo District,Western Bay of Plenty District,Tauranga City,Rotorua District,Whakatane District,Kawerau District,Opotiki District,Gisborne District,Wairoa District,Hastings District,Napier City,Central Hawke's Bay District,New Plymouth District,Stratford District,South Taranaki District,Ruapehu District,Whanganui District,Rangitikei District,Manawatu District,Palmerston North City,Tararua District,Horowhenua District,Kapiti Coast District,Porirua City,Upper Hutt City,Lower Hutt City,Wellington City,Masterton District,Carterton District,South Wairarapa District,Tasman District,Nelson City,Marlborough District,Kaikoura District,Buller District,Grey District,Westland District,Hurunui District,Waimakariri District,Christchurch City,Banks Peninsula District (February 2006 and earlier),Selwyn District,Ashburton District,Timaru District,Mackenzie District,Waimate District,Chatham Islands Territory,Waitaki District,Central Otago District,Queenstown-Lakes District,Dunedin City,Clutha District,Southland District,Gore District,Invercargill City,Auckland (2011 and later),Rodney Ward,Albany Ward,North Shore Ward,Waitakere Ward,Waitemata and Gulf Ward,Whau Ward,Albert-Eden-Roskill Ward,Orakei Ward,Maungakiekie-Tamaki Ward,Howick Ward,Manukau Ward,Manurewa-Papakura Ward,Franklin Ward,Area Outside Territorial Authority
15/01/1975,,,,,,,,,,,,,,,,,,,,,,,,,,,,,,,,,,,,,,,,,,,,,,,,,,,,,,,,,,,,,,,,,,,,,,,,,,,,,,,,,,,,,,,,,,
15/02/1975,,,,,,,,,,,,,,,,,,,,,,,,,,,,,,,,,,,,,,,,,,,,,,,,,,,,,,,,,,,,,,,,,,,,,,,,,,,,,,,,,,,,,,,,,,
15/03/1975,,,,,,,,,,,,,,,,,,,,,,,,,,,,,,,,,,,,,,,,,,,,,,,,,,,,,,,,,,,,,,,,,,,,,,,,,,,,,,,,,,,,,,,,,,
15/04/1975,,,,,,,,,,,,,,,,,,,,,,,,,,,,,,,,,,,,,,,,,,,,,,,,,,,,,,,,,,,,,,,,,,,,,,,,,,,,,,,,,,,,,,,,,,
15/05/1975,,,,,,,,,,,,,,,,,,,,,,,,,,,,,,,,,,,,,,,,,,,,,,,,,,,,,,,,,,,,,,,,,,,,,,,,,,,,,,,,,,,,,,,,,,
15/06/1975,,,,,,,,,,,,,,,,,,,,,,,,,,,,,,,,,,,,,,,,,,,,,,,,,,,,,,,,,,,,,,,,,,,,,,,,,,,,,,,,,,,,,,,,,,
15/07/1975,,,,,,,,,,,,,,,,,,,,,,,,,,,,,,,,,,,,,,,,,,,,,,,,,,,,,,,,,,,,,,,,,,,,,,,,,,,,,,,,,,,,,,,,,,
15/08/1975,,,,,,,,,,,,,,,,,,,,,,,,,,,,,,,,,,,,,,,,,,,,,,,,,,,,,,,,,,,,,,,,,,,,,,,,,,,,,,,,,,,,,,,,,,
15/09/1975,,,,,,,,,,,,,,,,,,,,,,,,,,,,,,,,,,,,,,,,,,,,,,,,,,,,,,,,,,,,,,,,,,,,,,,,,,,,,,,,,,,,,,,,,,
15/10/1975,,,,,,,,,,,,,,,,,,,,,,,,,,,,,,,,,,,,,,,,,,,,,,,,,,,,,,,,,,,,,,,,,,,,,,,,,,,,,,,,,,,,,,,,,,
15/11/1975,,,,,,,,,,,,,,,,,,,,,,,,,,,,,,,,,,,,,,,,,,,,,,,,,,,,,,,,,,,,,,,,,,,,,,,,,,,,,,,,,,,,,,,,,,
15/12/1975,,,,,,,,,,,,,,,,,,,,,,,,,,,,,,,,,,,,,,,,,,,,,,,,,,,,,,,,,,,,,,,,,,,,,,,,,,,,,,,,,,,,,,,,,,
15/01/1976,,,,,,,,,,,,,,,,,,,,,,,,,,,,,,,,,,,,,,,,,,,,,,,,,,,,,,,,,,,,,,,,,,,,,,,,,,,,,,,,,,,,,,,,,,
15/02/1976,,,,,,,,,,,,,,,,,,,,,,,,,,,,,,,,,,,,,,,,,,,,,,,,,,,,,,,,,,,,,,,,,,,,,,,,,,,,,,,,,,,,,,,,,,
15/03/1976,,,,,,,,,,,,,,,,,,,,,,,,,,,,,,,,,,,,,,,,,,,,,,,,,,,,,,,,,,,,,,,,,,,,,,,,,,,,,,,,,,,,,,,,,,
15/04/1976,,,,,,,,,,,,,,,,,,,,,,,,,,,,,,,,,,,,,,,,,,,,,,,,,,,,,,,,,,,,,,,,,,,,,,,,,,,,,,,,,,,,,,,,,,
15/05/1976,,,,,,,,,,,,,,,,,,,,,,,,,,,,,,,,,,,,,,,,,,,,,,,,,,,,,,,,,,,,,,,,,,,,,,,,,,,,,,,,,,,,,,,,,,
15/06/1976,,,,,,,,,,,,,,,,,,,,,,,,,,,,,,,,,,,,,,,,,,,,,,,,,,,,,,,,,,,,,,,,,,,,,,,,,,,,,,,,,,,,,,,,,,
15/07/1976,,,,,,,,,,,,,,,,,,,,,,,,,,,,,,,,,,,,,,,,,,,,,,,,,,,,,,,,,,,,,,,,,,,,,,,,,,,,,,,,,,,,,,,,,,
15/08/1976,,,,,,,,,,,,,,,,,,,,,,,,,,,,,,,,,,,,,,,,,,,,,,,,,,,,,,,,,,,,,,,,,,,,,,,,,,,,,,,,,,,,,,,,,,
15/09/1976,,,,,,,,,,,,,,,,,,,,,,,,,,,,,,,,,,,,,,,,,,,,,,,,,,,,,,,,,,,,,,,,,,,,,,,,,,,,,,,,,,,,,,,,,,
15/10/1976,,,,,,,,,,,,,,,,,,,,,,,,,,,,,,,,,,,,,,,,,,,,,,,,,,,,,,,,,,,,,,,,,,,,,,,,,,,,,,,,,,,,,,,,,,
15/11/1976,,,,,,,,,,,,,,,,,,,,,,,,,,,,,,,,,,,,,,,,,,,,,,,,,,,,,,,,,,,,,,,,,,,,,,,,,,,,,,,,,,,,,,,,,,
15/12/1976,,,,,,,,,,,,,,,,,,,,,,,,,,,,,,,,,,,,,,,,,,,,,,,,,,,,,,,,,,,,,,,,,,,,,,,,,,,,,,,,,,,,,,,,,,
15/01/1977,,,,,,,,,,,,,,,,,,,,,,,,,,,,,,,,,,,,,,,,,,,,,,,,,,,,,,,,,,,,,,,,,,,,,,,,,,,,,,,,,,,,,,,,,,
15/02/1977,,,,,,,,,,,,,,,,,,,,,,,,,,,,,,,,,,,,,,,,,,,,,,,,,,,,,,,,,,,,,,,,,,,,,,,,,,,,,,,,,,,,,,,,,,
15/03/1977,,,,,,,,,,,,,,,,,,,,,,,,,,,,,,,,,,,,,,,,,,,,,,,,,,,,,,,,,,,,,,,,,,,,,,,,,,,,,,,,,,,,,,,,,,
15/04/1977,,,,,,,,,,,,,,,,,,,,,,,,,,,,,,,,,,,,,,,,,,,,,,,,,,,,,,,,,,,,,,,,,,,,,,,,,,,,,,,,,,,,,,,,,,
15/05/1977,,,,,,,,,,,,,,,,,,,,,,,,,,,,,,,,,,,,,,,,,,,,,,,,,,,,,,,,,,,,,,,,,,,,,,,,,,,,,,,,,,,,,,,,,,
15/06/1977,,,,,,,,,,,,,,,,,,,,,,,,,,,,,,,,,,,,,,,,,,,,,,,,,,,,,,,,,,,,,,,,,,,,,,,,,,,,,,,,,,,,,,,,,,
15/07/1977,,,,,,,,,,,,,,,,,,,,,,,,,,,,,,,,,,,,,,,,,,,,,,,,,,,,,,,,,,,,,,,,,,,,,,,,,,,,,,,,,,,,,,,,,,
15/08/1977,,,,,,,,,,,,,,,,,,,,,,,,,,,,,,,,,,,,,,,,,,,,,,,,,,,,,,,,,,,,,,,,,,,,,,,,,,,,,,,,,,,,,,,,,,
15/09/1977,,,,,,,,,,,,,,,,,,,,,,,,,,,,,,,,,,,,,,,,,,,,,,,,,,,,,,,,,,,,,,,,,,,,,,,,,,,,,,,,,,,,,,,,,,
15/10/1977,,,,,,,,,,,,,,,,,,,,,,,,,,,,,,,,,,,,,,,,,,,,,,,,,,,,,,,,,,,,,,,,,,,,,,,,,,,,,,,,,,,,,,,,,,
15/11/1977,,,,,,,,,,,,,,,,,,,,,,,,,,,,,,,,,,,,,,,,,,,,,,,,,,,,,,,,,,,,,,,,,,,,,,,,,,,,,,,,,,,,,,,,,,
15/12/1977,,,,,,,,,,,,,,,,,,,,,,,,,,,,,,,,,,,,,,,,,,,,,,,,,,,,,,,,,,,,,,,,,,,,,,,,,,,,,,,,,,,,,,,,,,
15/01/1978,,,,,,,,,,,,,,,,,,,,,,,,,,,,,,,,,,,,,,,,,,,,,,,,,,,,,,,,,,,,,,,,,,,,,,,,,,,,,,,,,,,,,,,,,,
15/02/1978,,,,,,,,,,,,,,,,,,,,,,,,,,,,,,,,,,,,,,,,,,,,,,,,,,,,,,,,,,,,,,,,,,,,,,,,,,,,,,,,,,,,,,,,,,
15/03/1978,,,,,,,,,,,,,,,,,,,,,,,,,,,,,,,,,,,,,,,,,,,,,,,,,,,,,,,,,,,,,,,,,,,,,,,,,,,,,,,,,,,,,,,,,,
15/04/1978,,,,,,,,,,,,,,,,,,,,,,,,,,,,,,,,,,,,,,,,,,,,,,,,,,,,,,,,,,,,,,,,,,,,,,,,,,,,,,,,,,,,,,,,,,
15/05/1978,,,,,,,,,,,,,,,,,,,,,,,,,,,,,,,,,,,,,,,,,,,,,,,,,,,,,,,,,,,,,,,,,,,,,,,,,,,,,,,,,,,,,,,,,,
15/06/1978,,,,,,,,,,,,,,,,,,,,,,,,,,,,,,,,,,,,,,,,,,,,,,,,,,,,,,,,,,,,,,,,,,,,,,,,,,,,,,,,,,,,,,,,,,
15/07/1978,,,,,,,,,,,,,,,,,,,,,,,,,,,,,,,,,,,,,,,,,,,,,,,,,,,,,,,,,,,,,,,,,,,,,,,,,,,,,,,,,,,,,,,,,,
15/08/1978,,,,,,,,,,,,,,,,,,,,,,,,,,,,,,,,,,,,,,,,,,,,,,,,,,,,,,,,,,,,,,,,,,,,,,,,,,,,,,,,,,,,,,,,,,
15/09/1978,,,,,,,,,,,,,,,,,,,,,,,,,,,,,,,,,,,,,,,,,,,,,,,,,,,,,,,,,,,,,,,,,,,,,,,,,,,,,,,,,,,,,,,,,,
15/10/1978,,,,,,,,,,,,,,,,,,,,,,,,,,,,,,,,,,,,,,,,,,,,,,,,,,,,,,,,,,,,,,,,,,,,,,,,,,,,,,,,,,,,,,,,,,
15/11/1978,,,,,,,,,,,,,,,,,,,,,,,,,,,,,,,,,,,,,,,,,,,,,,,,,,,,,,,,,,,,,,,,,,,,,,,,,,,,,,,,,,,,,,,,,,
15/12/1978,,,,,,,,,,,,,,,,,,,,,,,,,,,,,,,,,,,,,,,,,,,,,,,,,,,,,,,,,,,,,,,,,,,,,,,,,,,,,,,,,,,,,,,,,,
15/01/1979,,,,,,,,,,,,,,,,,,,,,,,,,,,,,,,,,,,,,,,,,,,,,,,,,,,,,,,,,,,,,,,,,,,,,,,,,,,,,,,,,,,,,,,,,,
15/02/1979,,,,,,,,,,,,,,,,,,,,,,,,,,,,,,,,,,,,,,,,,,,,,,,,,,,,,,,,,,,,,,,,,,,,,,,,,,,,,,,,,,,,,,,,,,
15/03/1979,,,,,,,,,,,,,,,,,,,,,,,,,,,,,,,,,,,,,,,,,,,,,,,,,,,,,,,,,,,,,,,,,,,,,,,,,,,,,,,,,,,,,,,,,,
15/04/1979,,,,,,,,,,,,,,,,,,,,,,,,,,,,,,,,,,,,,,,,,,,,,,,,,,,,,,,,,,,,,,,,,,,,,,,,,,,,,,,,,,,,,,,,,,
15/05/1979,,,,,,,,,,,,,,,,,,,,,,,,,,,,,,,,,,,,,,,,,,,,,,,,,,,,,,,,,,,,,,,,,,,,,,,,,,,,,,,,,,,,,,,,,,
15/06/1979,,,,,,,,,,,,,,,,,,,,,,,,,,,,,,,,,,,,,,,,,,,,,,,,,,,,,,,,,,,,,,,,,,,,,,,,,,,,,,,,,,,,,,,,,,
15/07/1979,,,,,,,,,,,,,,,,,,,,,,,,,,,,,,,,,,,,,,,,,,,,,,,,,,,,,,,,,,,,,,,,,,,,,,,,,,,,,,,,,,,,,,,,,,
15/08/1979,,,,,,,,,,,,,,,,,,,,,,,,,,,,,,,,,,,,,,,,,,,,,,,,,,,,,,,,,,,,,,,,,,,,,,,,,,,,,,,,,,,,,,,,,,
15/09/1979,,,,,,,,,,,,,,,,,,,,,,,,,,,,,,,,,,,,,,,,,,,,,,,,,,,,,,,,,,,,,,,,,,,,,,,,,,,,,,,,,,,,,,,,,,
15/10/1979,,,,,,,,,,,,,,,,,,,,,,,,,,,,,,,,,,,,,,,,,,,,,,,,,,,,,,,,,,,,,,,,,,,,,,,,,,,,,,,,,,,,,,,,,,
15/11/1979,,,,,,,,,,,,,,,,,,,,,,,,,,,,,,,,,,,,,,,,,,,,,,,,,,,,,,,,,,,,,,,,,,,,,,,,,,,,,,,,,,,,,,,,,,
15/12/1979,,,,,,,,,,,,,,,,,,,,,,,,,,,,,,,,,,,,,,,,,,,,,,,,,,,,,,,,,,,,,,,,,,,,,,,,,,,,,,,,,,,,,,,,,,
15/01/1980,,,,,,,,,,,,,,,,,,,,,,,,,,,,,,,,,,,,,,,,,,,,,,,,,,,,,,,,,,,,,,,,,,,,,,,,,,,,,,,,,,,,,,,,,,
15/02/1980,,,,,,,,,,,,,,,,,,,,,,,,,,,,,,,,,,,,,,,,,,,,,,,,,,,,,,,,,,,,,,,,,,,,,,,,,,,,,,,,,,,,,,,,,,
15/03/1980,,,,,,,,,,,,,,,,,,,,,,,,,,,,,,,,,,,,,,,,,,,,,,,,,,,,,,,,,,,,,,,,,,,,,,,,,,,,,,,,,,,,,,,,,,
15/04/1980,,,,,,,,,,,,,,,,,,,,,,,,,,,,,,,,,,,,,,,,,,,,,,,,,,,,,,,,,,,,,,,,,,,,,,,,,,,,,,,,,,,,,,,,,,
15/05/1980,,,,,,,,,,,,,,,,,,,,,,,,,,,,,,,,,,,,,,,,,,,,,,,,,,,,,,,,,,,,,,,,,,,,,,,,,,,,,,,,,,,,,,,,,,
15/06/1980,,,,,,,,,,,,,,,,,,,,,,,,,,,,,,,,,,,,,,,,,,,,,,,,,,,,,,,,,,,,,,,,,,,,,,,,,,,,,,,,,,,,,,,,,,
15/07/1980,,,,,,,,,,,,,,,,,,,,,,,,,,,,,,,,,,,,,,,,,,,,,,,,,,,,,,,,,,,,,,,,,,,,,,,,,,,,,,,,,,,,,,,,,,
15/08/1980,,,,,,,,,,,,,,,,,,,,,,,,,,,,,,,,,,,,,,,,,,,,,,,,,,,,,,,,,,,,,,,,,,,,,,,,,,,,,,,,,,,,,,,,,,
15/09/1980,,,,,,,,,,,,,,,,,,,,,,,,,,,,,,,,,,,,,,,,,,,,,,,,,,,,,,,,,,,,,,,,,,,,,,,,,,,,,,,,,,,,,,,,,,
15/10/1980,,,,,,,,,,,,,,,,,,,,,,,,,,,,,,,,,,,,,,,,,,,,,,,,,,,,,,,,,,,,,,,,,,,,,,,,,,,,,,,,,,,,,,,,,,
15/11/1980,,,,,,,,,,,,,,,,,,,,,,,,,,,,,,,,,,,,,,,,,,,,,,,,,,,,,,,,,,,,,,,,,,,,,,,,,,,,,,,,,,,,,,,,,,
15/12/1980,,,,,,,,,,,,,,,,,,,,,,,,,,,,,,,,,,,,,,,,,,,,,,,,,,,,,,,,,,,,,,,,,,,,,,,,,,,,,,,,,,,,,,,,,,
15/01/1981,,,,,,,,,,,,,,,,,,,,,,,,,,,,,,,,,,,,,,,,,,,,,,,,,,,,,,,,,,,,,,,,,,,,,,,,,,,,,,,,,,,,,,,,,,
15/02/1981,,,,,,,,,,,,,,,,,,,,,,,,,,,,,,,,,,,,,,,,,,,,,,,,,,,,,,,,,,,,,,,,,,,,,,,,,,,,,,,,,,,,,,,,,,
15/03/1981,,,,,,,,,,,,,,,,,,,,,,,,,,,,,,,,,,,,,,,,,,,,,,,,,,,,,,,,,,,,,,,,,,,,,,,,,,,,,,,,,,,,,,,,,,
15/04/1981,,,,,,,,,,,,,,,,,,,,,,,,,,,,,,,,,,,,,,,,,,,,,,,,,,,,,,,,,,,,,,,,,,,,,,,,,,,,,,,,,,,,,,,,,,
15/05/1981,,,,,,,,,,,,,,,,,,,,,,,,,,,,,,,,,,,,,,,,,,,,,,,,,,,,,,,,,,,,,,,,,,,,,,,,,,,,,,,,,,,,,,,,,,
15/06/1981,,,,,,,,,,,,,,,,,,,,,,,,,,,,,,,,,,,,,,,,,,,,,,,,,,,,,,,,,,,,,,,,,,,,,,,,,,,,,,,,,,,,,,,,,,
15/07/1981,,,,,,,,,,,,,,,,,,,,,,,,,,,,,,,,,,,,,,,,,,,,,,,,,,,,,,,,,,,,,,,,,,,,,,,,,,,,,,,,,,,,,,,,,,
15/08/1981,,,,,,,,,,,,,,,,,,,,,,,,,,,,,,,,,,,,,,,,,,,,,,,,,,,,,,,,,,,,,,,,,,,,,,,,,,,,,,,,,,,,,,,,,,
15/09/1981,,,,,,,,,,,,,,,,,,,,,,,,,,,,,,,,,,,,,,,,,,,,,,,,,,,,,,,,,,,,,,,,,,,,,,,,,,,,,,,,,,,,,,,,,,
15/10/1981,,,,,,,,,,,,,,,,,,,,,,,,,,,,,,,,,,,,,,,,,,,,,,,,,,,,,,,,,,,,,,,,,,,,,,,,,,,,,,,,,,,,,,,,,,
15/11/1981,,,,,,,,,,,,,,,,,,,,,,,,,,,,,,,,,,,,,,,,,,,,,,,,,,,,,,,,,,,,,,,,,,,,,,,,,,,,,,,,,,,,,,,,,,
15/12/1981,,,,,,,,,,,,,,,,,,,,,,,,,,,,,,,,,,,,,,,,,,,,,,,,,,,,,,,,,,,,,,,,,,,,,,,,,,,,,,,,,,,,,,,,,,
15/01/1982,,,,,,,,,,,,,,,,,,,,,,,,,,,,,,,,,,,,,,,,,,,,,,,,,,,,,,,,,,,,,,,,,,,,,,,,,,,,,,,,,,,,,,,,,,
15/02/1982,,,,,,,,,,,,,,,,,,,,,,,,,,,,,,,,,,,,,,,,,,,,,,,,,,,,,,,,,,,,,,,,,,,,,,,,,,,,,,,,,,,,,,,,,,
15/03/1982,,,,,,,,,,,,,,,,,,,,,,,,,,,,,,,,,,,,,,,,,,,,,,,,,,,,,,,,,,,,,,,,,,,,,,,,,,,,,,,,,,,,,,,,,,
15/04/1982,,,,,,,,,,,,,,,,,,,,,,,,,,,,,,,,,,,,,,,,,,,,,,,,,,,,,,,,,,,,,,,,,,,,,,,,,,,,,,,,,,,,,,,,,,
15/05/1982,,,,,,,,,,,,,,,,,,,,,,,,,,,,,,,,,,,,,,,,,,,,,,,,,,,,,,,,,,,,,,,,,,,,,,,,,,,,,,,,,,,,,,,,,,
15/06/1982,,,,,,,,,,,,,,,,,,,,,,,,,,,,,,,,,,,,,,,,,,,,,,,,,,,,,,,,,,,,,,,,,,,,,,,,,,,,,,,,,,,,,,,,,,
15/07/1982,,,,,,,,,,,,,,,,,,,,,,,,,,,,,,,,,,,,,,,,,,,,,,,,,,,,,,,,,,,,,,,,,,,,,,,,,,,,,,,,,,,,,,,,,,
15/08/1982,,,,,,,,,,,,,,,,,,,,,,,,,,,,,,,,,,,,,,,,,,,,,,,,,,,,,,,,,,,,,,,,,,,,,,,,,,,,,,,,,,,,,,,,,,
15/09/1982,,,,,,,,,,,,,,,,,,,,,,,,,,,,,,,,,,,,,,,,,,,,,,,,,,,,,,,,,,,,,,,,,,,,,,,,,,,,,,,,,,,,,,,,,,
15/10/1982,,,,,,,,,,,,,,,,,,,,,,,,,,,,,,,,,,,,,,,,,,,,,,,,,,,,,,,,,,,,,,,,,,,,,,,,,,,,,,,,,,,,,,,,,,
15/11/1982,,,,,,,,,,,,,,,,,,,,,,,,,,,,,,,,,,,,,,,,,,,,,,,,,,,,,,,,,,,,,,,,,,,,,,,,,,,,,,,,,,,,,,,,,,
15/12/1982,,,,,,,,,,,,,,,,,,,,,,,,,,,,,,,,,,,,,,,,,,,,,,,,,,,,,,,,,,,,,,,,,,,,,,,,,,,,,,,,,,,,,,,,,,
15/01/1983,,,,,,,,,,,,,,,,,,,,,,,,,,,,,,,,,,,,,,,,,,,,,,,,,,,,,,,,,,,,,,,,,,,,,,,,,,,,,,,,,,,,,,,,,,
15/02/1983,,,,,,,,,,,,,,,,,,,,,,,,,,,,,,,,,,,,,,,,,,,,,,,,,,,,,,,,,,,,,,,,,,,,,,,,,,,,,,,,,,,,,,,,,,
15/03/1983,,,,,,,,,,,,,,,,,,,,,,,,,,,,,,,,,,,,,,,,,,,,,,,,,,,,,,,,,,,,,,,,,,,,,,,,,,,,,,,,,,,,,,,,,,
15/04/1983,,,,,,,,,,,,,,,,,,,,,,,,,,,,,,,,,,,,,,,,,,,,,,,,,,,,,,,,,,,,,,,,,,,,,,,,,,,,,,,,,,,,,,,,,,
15/05/1983,,,,,,,,,,,,,,,,,,,,,,,,,,,,,,,,,,,,,,,,,,,,,,,,,,,,,,,,,,,,,,,,,,,,,,,,,,,,,,,,,,,,,,,,,,
15/06/1983,,,,,,,,,,,,,,,,,,,,,,,,,,,,,,,,,,,,,,,,,,,,,,,,,,,,,,,,,,,,,,,,,,,,,,,,,,,,,,,,,,,,,,,,,,
15/07/1983,,,,,,,,,,,,,,,,,,,,,,,,,,,,,,,,,,,,,,,,,,,,,,,,,,,,,,,,,,,,,,,,,,,,,,,,,,,,,,,,,,,,,,,,,,
15/08/1983,,,,,,,,,,,,,,,,,,,,,,,,,,,,,,,,,,,,,,,,,,,,,,,,,,,,,,,,,,,,,,,,,,,,,,,,,,,,,,,,,,,,,,,,,,
15/09/1983,,,,,,,,,,,,,,,,,,,,,,,,,,,,,,,,,,,,,,,,,,,,,,,,,,,,,,,,,,,,,,,,,,,,,,,,,,,,,,,,,,,,,,,,,,
15/10/1983,,,,,,,,,,,,,,,,,,,,,,,,,,,,,,,,,,,,,,,,,,,,,,,,,,,,,,,,,,,,,,,,,,,,,,,,,,,,,,,,,,,,,,,,,,
15/11/1983,,,,,,,,,,,,,,,,,,,,,,,,,,,,,,,,,,,,,,,,,,,,,,,,,,,,,,,,,,,,,,,,,,,,,,,,,,,,,,,,,,,,,,,,,,
15/12/1983,,,,,,,,,,,,,,,,,,,,,,,,,,,,,,,,,,,,,,,,,,,,,,,,,,,,,,,,,,,,,,,,,,,,,,,,,,,,,,,,,,,,,,,,,,
15/01/1984,,,,,,,,,,,,,,,,,,,,,,,,,,,,,,,,,,,,,,,,,,,,,,,,,,,,,,,,,,,,,,,,,,,,,,,,,,,,,,,,,,,,,,,,,,
15/02/1984,,,,,,,,,,,,,,,,,,,,,,,,,,,,,,,,,,,,,,,,,,,,,,,,,,,,,,,,,,,,,,,,,,,,,,,,,,,,,,,,,,,,,,,,,,
15/03/1984,,,,,,,,,,,,,,,,,,,,,,,,,,,,,,,,,,,,,,,,,,,,,,,,,,,,,,,,,,,,,,,,,,,,,,,,,,,,,,,,,,,,,,,,,,
15/04/1984,,,,,,,,,,,,,,,,,,,,,,,,,,,,,,,,,,,,,,,,,,,,,,,,,,,,,,,,,,,,,,,,,,,,,,,,,,,,,,,,,,,,,,,,,,
15/05/1984,,,,,,,,,,,,,,,,,,,,,,,,,,,,,,,,,,,,,,,,,,,,,,,,,,,,,,,,,,,,,,,,,,,,,,,,,,,,,,,,,,,,,,,,,,
15/06/1984,,,,,,,,,,,,,,,,,,,,,,,,,,,,,,,,,,,,,,,,,,,,,,,,,,,,,,,,,,,,,,,,,,,,,,,,,,,,,,,,,,,,,,,,,,
15/07/1984,,,,,,,,,,,,,,,,,,,,,,,,,,,,,,,,,,,,,,,,,,,,,,,,,,,,,,,,,,,,,,,,,,,,,,,,,,,,,,,,,,,,,,,,,,
15/08/1984,,,,,,,,,,,,,,,,,,,,,,,,,,,,,,,,,,,,,,,,,,,,,,,,,,,,,,,,,,,,,,,,,,,,,,,,,,,,,,,,,,,,,,,,,,
15/09/1984,,,,,,,,,,,,,,,,,,,,,,,,,,,,,,,,,,,,,,,,,,,,,,,,,,,,,,,,,,,,,,,,,,,,,,,,,,,,,,,,,,,,,,,,,,
15/10/1984,,,,,,,,,,,,,,,,,,,,,,,,,,,,,,,,,,,,,,,,,,,,,,,,,,,,,,,,,,,,,,,,,,,,,,,,,,,,,,,,,,,,,,,,,,
15/11/1984,,,,,,,,,,,,,,,,,,,,,,,,,,,,,,,,,,,,,,,,,,,,,,,,,,,,,,,,,,,,,,,,,,,,,,,,,,,,,,,,,,,,,,,,,,
15/12/1984,,,,,,,,,,,,,,,,,,,,,,,,,,,,,,,,,,,,,,,,,,,,,,,,,,,,,,,,,,,,,,,,,,,,,,,,,,,,,,,,,,,,,,,,,,
15/01/1985,,,,,,,,,,,,,,,,,,,,,,,,,,,,,,,,,,,,,,,,,,,,,,,,,,,,,,,,,,,,,,,,,,,,,,,,,,,,,,,,,,,,,,,,,,
15/02/1985,,,,,,,,,,,,,,,,,,,,,,,,,,,,,,,,,,,,,,,,,,,,,,,,,,,,,,,,,,,,,,,,,,,,,,,,,,,,,,,,,,,,,,,,,,
15/03/1985,,,,,,,,,,,,,,,,,,,,,,,,,,,,,,,,,,,,,,,,,,,,,,,,,,,,,,,,,,,,,,,,,,,,,,,,,,,,,,,,,,,,,,,,,,
15/04/1985,,,,,,,,,,,,,,,,,,,,,,,,,,,,,,,,,,,,,,,,,,,,,,,,,,,,,,,,,,,,,,,,,,,,,,,,,,,,,,,,,,,,,,,,,,
15/05/1985,,,,,,,,,,,,,,,,,,,,,,,,,,,,,,,,,,,,,,,,,,,,,,,,,,,,,,,,,,,,,,,,,,,,,,,,,,,,,,,,,,,,,,,,,,
15/06/1985,,,,,,,,,,,,,,,,,,,,,,,,,,,,,,,,,,,,,,,,,,,,,,,,,,,,,,,,,,,,,,,,,,,,,,,,,,,,,,,,,,,,,,,,,,
15/07/1985,,,,,,,,,,,,,,,,,,,,,,,,,,,,,,,,,,,,,,,,,,,,,,,,,,,,,,,,,,,,,,,,,,,,,,,,,,,,,,,,,,,,,,,,,,
15/08/1985,,,,,,,,,,,,,,,,,,,,,,,,,,,,,,,,,,,,,,,,,,,,,,,,,,,,,,,,,,,,,,,,,,,,,,,,,,,,,,,,,,,,,,,,,,
15/09/1985,,,,,,,,,,,,,,,,,,,,,,,,,,,,,,,,,,,,,,,,,,,,,,,,,,,,,,,,,,,,,,,,,,,,,,,,,,,,,,,,,,,,,,,,,,
15/10/1985,,,,,,,,,,,,,,,,,,,,,,,,,,,,,,,,,,,,,,,,,,,,,,,,,,,,,,,,,,,,,,,,,,,,,,,,,,,,,,,,,,,,,,,,,,
15/11/1985,,,,,,,,,,,,,,,,,,,,,,,,,,,,,,,,,,,,,,,,,,,,,,,,,,,,,,,,,,,,,,,,,,,,,,,,,,,,,,,,,,,,,,,,,,
15/12/1985,,,,,,,,,,,,,,,,,,,,,,,,,,,,,,,,,,,,,,,,,,,,,,,,,,,,,,,,,,,,,,,,,,,,,,,,,,,,,,,,,,,,,,,,,,
15/01/1986,,,,,,,,,,,,,,,,,,,,,,,,,,,,,,,,,,,,,,,,,,,,,,,,,,,,,,,,,,,,,,,,,,,,,,,,,,,,,,,,,,,,,,,,,,
15/02/1986,,,,,,,,,,,,,,,,,,,,,,,,,,,,,,,,,,,,,,,,,,,,,,,,,,,,,,,,,,,,,,,,,,,,,,,,,,,,,,,,,,,,,,,,,,
15/03/1986,,,,,,,,,,,,,,,,,,,,,,,,,,,,,,,,,,,,,,,,,,,,,,,,,,,,,,,,,,,,,,,,,,,,,,,,,,,,,,,,,,,,,,,,,,
15/04/1986,,,,,,,,,,,,,,,,,,,,,,,,,,,,,,,,,,,,,,,,,,,,,,,,,,,,,,,,,,,,,,,,,,,,,,,,,,,,,,,,,,,,,,,,,,
15/05/1986,,,,,,,,,,,,,,,,,,,,,,,,,,,,,,,,,,,,,,,,,,,,,,,,,,,,,,,,,,,,,,,,,,,,,,,,,,,,,,,,,,,,,,,,,,
15/06/1986,,,,,,,,,,,,,,,,,,,,,,,,,,,,,,,,,,,,,,,,,,,,,,,,,,,,,,,,,,,,,,,,,,,,,,,,,,,,,,,,,,,,,,,,,,
15/07/1986,,,,,,,,,,,,,,,,,,,,,,,,,,,,,,,,,,,,,,,,,,,,,,,,,,,,,,,,,,,,,,,,,,,,,,,,,,,,,,,,,,,,,,,,,,
15/08/1986,,,,,,,,,,,,,,,,,,,,,,,,,,,,,,,,,,,,,,,,,,,,,,,,,,,,,,,,,,,,,,,,,,,,,,,,,,,,,,,,,,,,,,,,,,
15/09/1986,,,,,,,,,,,,,,,,,,,,,,,,,,,,,,,,,,,,,,,,,,,,,,,,,,,,,,,,,,,,,,,,,,,,,,,,,,,,,,,,,,,,,,,,,,
15/10/1986,,,,,,,,,,,,,,,,,,,,,,,,,,,,,,,,,,,,,,,,,,,,,,,,,,,,,,,,,,,,,,,,,,,,,,,,,,,,,,,,,,,,,,,,,,
15/11/1986,,,,,,,,,,,,,,,,,,,,,,,,,,,,,,,,,,,,,,,,,,,,,,,,,,,,,,,,,,,,,,,,,,,,,,,,,,,,,,,,,,,,,,,,,,
15/12/1986,,,,,,,,,,,,,,,,,,,,,,,,,,,,,,,,,,,,,,,,,,,,,,,,,,,,,,,,,,,,,,,,,,,,,,,,,,,,,,,,,,,,,,,,,,
15/01/1987,,,,,,,,,,,,,,,,,,,,,,,,,,,,,,,,,,,,,,,,,,,,,,,,,,,,,,,,,,,,,,,,,,,,,,,,,,,,,,,,,,,,,,,,,,
15/02/1987,,,,,,,,,,,,,,,,,,,,,,,,,,,,,,,,,,,,,,,,,,,,,,,,,,,,,,,,,,,,,,,,,,,,,,,,,,,,,,,,,,,,,,,,,,
15/03/1987,,,,,,,,,,,,,,,,,,,,,,,,,,,,,,,,,,,,,,,,,,,,,,,,,,,,,,,,,,,,,,,,,,,,,,,,,,,,,,,,,,,,,,,,,,
15/04/1987,,,,,,,,,,,,,,,,,,,,,,,,,,,,,,,,,,,,,,,,,,,,,,,,,,,,,,,,,,,,,,,,,,,,,,,,,,,,,,,,,,,,,,,,,,
15/05/1987,,,,,,,,,,,,,,,,,,,,,,,,,,,,,,,,,,,,,,,,,,,,,,,,,,,,,,,,,,,,,,,,,,,,,,,,,,,,,,,,,,,,,,,,,,
15/06/1987,,,,,,,,,,,,,,,,,,,,,,,,,,,,,,,,,,,,,,,,,,,,,,,,,,,,,,,,,,,,,,,,,,,,,,,,,,,,,,,,,,,,,,,,,,
15/07/1987,,,,,,,,,,,,,,,,,,,,,,,,,,,,,,,,,,,,,,,,,,,,,,,,,,,,,,,,,,,,,,,,,,,,,,,,,,,,,,,,,,,,,,,,,,
15/08/1987,,,,,,,,,,,,,,,,,,,,,,,,,,,,,,,,,,,,,,,,,,,,,,,,,,,,,,,,,,,,,,,,,,,,,,,,,,,,,,,,,,,,,,,,,,
15/09/1987,,,,,,,,,,,,,,,,,,,,,,,,,,,,,,,,,,,,,,,,,,,,,,,,,,,,,,,,,,,,,,,,,,,,,,,,,,,,,,,,,,,,,,,,,,
15/10/1987,,,,,,,,,,,,,,,,,,,,,,,,,,,,,,,,,,,,,,,,,,,,,,,,,,,,,,,,,,,,,,,,,,,,,,,,,,,,,,,,,,,,,,,,,,
15/11/1987,,,,,,,,,,,,,,,,,,,,,,,,,,,,,,,,,,,,,,,,,,,,,,,,,,,,,,,,,,,,,,,,,,,,,,,,,,,,,,,,,,,,,,,,,,
15/12/1987,,,,,,,,,,,,,,,,,,,,,,,,,,,,,,,,,,,,,,,,,,,,,,,,,,,,,,,,,,,,,,,,,,,,,,,,,,,,,,,,,,,,,,,,,,
15/01/1988,,,,,,,,,,,,,,,,,,,,,,,,,,,,,,,,,,,,,,,,,,,,,,,,,,,,,,,,,,,,,,,,,,,,,,,,,,,,,,,,,,,,,,,,,,
15/02/1988,,,,,,,,,,,,,,,,,,,,,,,,,,,,,,,,,,,,,,,,,,,,,,,,,,,,,,,,,,,,,,,,,,,,,,,,,,,,,,,,,,,,,,,,,,
15/03/1988,,,,,,,,,,,,,,,,,,,,,,,,,,,,,,,,,,,,,,,,,,,,,,,,,,,,,,,,,,,,,,,,,,,,,,,,,,,,,,,,,,,,,,,,,,
15/04/1988,,,,,,,,,,,,,,,,,,,,,,,,,,,,,,,,,,,,,,,,,,,,,,,,,,,,,,,,,,,,,,,,,,,,,,,,,,,,,,,,,,,,,,,,,,
15/05/1988,,,,,,,,,,,,,,,,,,,,,,,,,,,,,,,,,,,,,,,,,,,,,,,,,,,,,,,,,,,,,,,,,,,,,,,,,,,,,,,,,,,,,,,,,,
15/06/1988,,,,,,,,,,,,,,,,,,,,,,,,,,,,,,,,,,,,,,,,,,,,,,,,,,,,,,,,,,,,,,,,,,,,,,,,,,,,,,,,,,,,,,,,,,
15/07/1988,,,,,,,,,,,,,,,,,,,,,,,,,,,,,,,,,,,,,,,,,,,,,,,,,,,,,,,,,,,,,,,,,,,,,,,,,,,,,,,,,,,,,,,,,,
15/08/1988,,,,,,,,,,,,,,,,,,,,,,,,,,,,,,,,,,,,,,,,,,,,,,,,,,,,,,,,,,,,,,,,,,,,,,,,,,,,,,,,,,,,,,,,,,
15/09/1988,,,,,,,,,,,,,,,,,,,,,,,,,,,,,,,,,,,,,,,,,,,,,,,,,,,,,,,,,,,,,,,,,,,,,,,,,,,,,,,,,,,,,,,,,,
15/10/1988,,,,,,,,,,,,,,,,,,,,,,,,,,,,,,,,,,,,,,,,,,,,,,,,,,,,,,,,,,,,,,,,,,,,,,,,,,,,,,,,,,,,,,,,,,
15/11/1988,,,,,,,,,,,,,,,,,,,,,,,,,,,,,,,,,,,,,,,,,,,,,,,,,,,,,,,,,,,,,,,,,,,,,,,,,,,,,,,,,,,,,,,,,,
15/12/1988,,,,,,,,,,,,,,,,,,,,,,,,,,,,,,,,,,,,,,,,,,,,,,,,,,,,,,,,,,,,,,,,,,,,,,,,,,,,,,,,,,,,,,,,,,
15/01/1989,,,,,,,,,,,,,,,,,,,,,,,,,,,,,,,,,,,,,,,,,,,,,,,,,,,,,,,,,,,,,,,,,,,,,,,,,,,,,,,,,,,,,,,,,,
15/02/1989,,,,,,,,,,,,,,,,,,,,,,,,,,,,,,,,,,,,,,,,,,,,,,,,,,,,,,,,,,,,,,,,,,,,,,,,,,,,,,,,,,,,,,,,,,
15/03/1989,,,,,,,,,,,,,,,,,,,,,,,,,,,,,,,,,,,,,,,,,,,,,,,,,,,,,,,,,,,,,,,,,,,,,,,,,,,,,,,,,,,,,,,,,,
15/04/1989,,,,,,,,,,,,,,,,,,,,,,,,,,,,,,,,,,,,,,,,,,,,,,,,,,,,,,,,,,,,,,,,,,,,,,,,,,,,,,,,,,,,,,,,,,
15/05/1989,,,,,,,,,,,,,,,,,,,,,,,,,,,,,,,,,,,,,,,,,,,,,,,,,,,,,,,,,,,,,,,,,,,,,,,,,,,,,,,,,,,,,,,,,,
15/06/1989,,,,,,,,,,,,,,,,,,,,,,,,,,,,,,,,,,,,,,,,,,,,,,,,,,,,,,,,,,,,,,,,,,,,,,,,,,,,,,,,,,,,,,,,,,
15/07/1989,,,,,,,,,,,,,,,,,,,,,,,,,,,,,,,,,,,,,,,,,,,,,,,,,,,,,,,,,,,,,,,,,,,,,,,,,,,,,,,,,,,,,,,,,,
15/08/1989,,,,,,,,,,,,,,,,,,,,,,,,,,,,,,,,,,,,,,,,,,,,,,,,,,,,,,,,,,,,,,,,,,,,,,,,,,,,,,,,,,,,,,,,,,
15/09/1989,,,,,,,,,,,,,,,,,,,,,,,,,,,,,,,,,,,,,,,,,,,,,,,,,,,,,,,,,,,,,,,,,,,,,,,,,,,,,,,,,,,,,,,,,,
15/10/1989,,,,,,,,,,,,,,,,,,,,,,,,,,,,,,,,,,,,,,,,,,,,,,,,,,,,,,,,,,,,,,,,,,,,,,,,,,,,,,,,,,,,,,,,,,
15/11/1989,,,,,,,,,,,,,,,,,,,,,,,,,,,,,,,,,,,,,,,,,,,,,,,,,,,,,,,,,,,,,,,,,,,,,,,,,,,,,,,,,,,,,,,,,,
15/12/1989,,,,,,,,,,,,,,,,,,,,,,,,,,,,,,,,,,,,,,,,,,,,,,,,,,,,,,,,,,,,,,,,,,,,,,,,,,,,,,,,,,,,,,,,,,
15/01/1990,,,,,,,,,,,,,,,,,,,,,,,,,,,,,,,,,,,,,,,,,,,,,,,,,,,,,,,,,,,,,,,,,,,,,,,,,,,,,,,,,,,,,,,,,,
15/02/1990,,,,,,,,,,,,,,,,,,,,,,,,,,,,,,,,,,,,,,,,,,,,,,,,,,,,,,,,,,,,,,,,,,,,,,,,,,,,,,,,,,,,,,,,,,
15/03/1990,,,,,,,,,,,,,,,,,,,,,,,,,,,,,,,,,,,,,,,,,,,,,,,,,,,,,,,,,,,,,,,,,,,,,,,,,,,,,,,,,,,,,,,,,,
15/04/1990,1468,25,15,13,30,62,52,63,76,15,35,20,11,14,16,16,27,4,3,1,22,21,44,19,22,0,9,5,2,12,8,1,12,6,1,6,15,5,14,38,10,14,32,9,7,21,24,4,4,3,23,17,12,1,1,1,1,3,9,84,7,14,2,9,2,0,0,0,2,13,16,3,2,2,5,,,,,,,,,,,,,,,
15/05/1990,1950,24,25,7,64,68,83,92,108,17,52,39,11,19,8,36,22,3,4,3,29,26,85,29,19,1,4,5,0,13,15,1,19,0,4,3,15,1,17,37,2,12,40,16,12,19,33,13,5,10,21,18,19,3,0,7,2,7,14,99,5,17,3,15,1,1,0,3,5,7,24,5,1,3,12,,,,,,,,,,,,,,,
15/06/1990,1659,29,18,10,47,49,60,85,89,17,48,28,13,20,11,30,19,2,0,2,32,27,54,17,14,0,4,7,2,15,15,0,20,1,0,0,8,1,11,35,7,17,27,10,9,26,22,8,3,2,22,8,18,1,5,1,5,7,34,95,7,15,5,9,0,1,1,3,4,10,16,0,2,5,10,,,,,,,,,,,,,,,
15/07/1990,1739,33,24,10,54,54,55,95,101,14,28,30,11,14,7,39,19,1,1,2,20,32,45,18,15,1,7,9,1,4,17,0,18,0,4,3,9,6,19,44,4,11,46,13,9,15,21,11,2,3,20,14,23,1,0,2,3,6,33,81,5,15,10,10,0,1,0,8,5,10,28,3,10,2,10,,,,,,,,,,,,,,,
15/08/1990,1761,35,22,6,37,77,45,97,74,21,47,31,10,16,22,22,20,2,1,1,15,28,79,28,15,0,2,14,1,17,13,3,19,1,4,2,15,5,10,32,8,13,40,12,9,18,25,15,2,4,24,12,24,2,3,4,2,9,26,93,10,14,4,12,1,1,3,5,6,7,29,2,3,1,15,,,,,,,,,,,,,,,
15/09/1990,1663,36,29,11,59,55,44,74,101,13,31,28,9,15,11,28,21,0,1,7,25,24,59,15,17,0,7,2,1,10,7,0,17,1,9,3,10,0,17,25,3,11,26,16,4,16,23,9,2,2,24,10,30,1,3,1,5,7,22,90,7,23,13,11,0,0,0,5,4,8,22,1,5,3,12,,,,,,,,,,,,,,,
15/10/1990,1883,20,28,8,42,79,77,87,79,12,37,39,8,20,7,32,27,2,1,3,26,31,97,16,24,0,3,6,3,11,22,4,20,2,2,5,15,4,22,37,3,14,46,13,14,13,21,13,1,0,30,10,31,1,5,2,7,4,36,84,11,16,8,17,1,3,0,6,2,11,37,3,10,4,16,,,,,,,,,,,,,,,
15/11/1990,1865,42,31,7,46,72,37,135,78,19,35,37,9,19,8,26,19,0,3,3,16,25,60,22,17,1,7,5,2,18,15,3,22,2,7,5,10,6,12,39,3,14,36,14,7,25,21,9,4,8,32,16,35,1,1,3,4,6,27,86,5,22,7,17,1,1,0,6,4,15,28,1,1,6,12,,,,,,,,,,,,,,,
15/12/1990,1360,36,18,6,37,37,37,95,63,4,37,26,14,19,8,32,29,3,2,2,17,9,43,12,6,0,3,7,2,9,10,1,20,1,4,2,12,1,7,18,0,14,22,5,8,12,17,9,5,5,21,9,16,2,5,5,1,3,23,58,6,18,4,10,0,0,0,6,5,9,23,5,5,0,7,,,,,,,,,,,,,,,
15/01/1991,1154,23,20,7,35,32,39,50,69,8,27,26,11,8,5,18,6,0,0,0,13,23,44,17,10,0,9,1,0,7,7,3,15,0,2,3,11,1,14,17,3,12,30,5,3,10,11,3,1,1,17,6,23,2,1,1,4,7,10,66,2,7,7,11,1,0,0,2,2,12,23,0,2,0,5,,,,,,,,,,,,,,,
15/02/1991,1201,20,13,3,31,36,49,53,64,11,23,20,7,14,10,28,9,0,0,0,17,22,48,8,13,1,5,7,2,10,17,1,16,1,1,1,8,0,9,30,4,7,23,8,5,15,17,4,1,3,26,14,13,1,3,4,3,4,16,61,4,9,8,8,0,1,0,5,3,8,18,2,2,1,12,,,,,,,,,,,,,,,
15/03/1991,1462,31,17,16,40,48,59,67,82,15,26,19,5,14,6,21,17,0,1,0,8,24,47,18,10,1,2,1,0,15,5,3,17,4,3,2,11,2,14,19,3,16,29,7,3,10,18,13,3,4,27,11,17,4,2,0,2,5,27,83,5,15,10,17,1,2,0,4,1,9,29,4,9,1,6,,,,,,,,,,,,,,,
15/04/1991,1291,35,22,7,33,36,39,78,62,9,22,31,17,14,9,19,19,1,3,1,10,20,42,15,10,0,2,6,0,11,10,2,20,1,6,2,8,2,7,25,8,15,22,5,6,10,11,6,3,3,22,8,19,0,4,2,3,7,14,59,2,15,2,6,1,1,0,5,3,5,30,5,4,2,6,,,,,,,,,,,,,,,
15/05/1991,1089,30,28,9,32,33,41,72,78,9,28,30,12,16,7,12,13,1,1,0,20,25,53,12,11,0,7,5,0,8,19,1,17,1,4,4,10,5,10,34,8,8,30,7,8,15,16,6,4,1,33,11,20,2,3,1,2,8,22,83,7,10,10,11,2,0,0,5,7,7,33,1,1,2,7,,,,,,,,,,,,,,,
15/06/1991,892,23,20,6,16,29,35,44,74,8,22,31,3,12,3,11,10,3,0,0,10,11,44,15,13,0,2,5,0,9,10,3,16,0,3,4,8,3,6,25,6,10,25,3,7,11,16,5,3,4,26,18,13,6,2,2,0,4,22,77,3,10,7,14,0,1,0,4,1,7,38,1,5,1,3,,,,,,,,,,,,,,,
15/07/1991,1047,40,22,1,30,26,45,76,45,7,26,25,13,11,6,19,14,2,5,7,10,25,60,16,8,0,2,4,3,18,14,2,17,0,2,1,10,2,12,25,5,6,27,12,11,16,24,13,2,5,23,12,22,0,1,4,3,1,18,86,7,10,16,8,0,0,0,4,2,14,26,3,5,1,9,,,,,,,,,,,,,,,
15/08/1991,1019,30,21,6,30,40,50,65,78,12,24,40,12,9,4,24,8,1,2,2,16,18,44,17,10,0,5,4,1,10,17,8,11,1,2,0,4,2,7,24,3,8,25,7,2,12,13,5,4,3,17,10,17,0,2,2,1,2,23,103,7,12,12,8,0,2,1,5,6,9,27,1,3,1,7,,,,,,,,,,,,,,,
15/09/1991,1159,34,23,7,26,35,38,69,66,12,21,43,9,16,10,31,12,5,3,2,13,21,66,24,16,0,7,10,0,17,13,2,21,2,4,3,11,3,16,27,5,9,22,11,8,19,33,8,8,1,23,16,25,2,5,1,0,8,19,79,7,17,13,9,0,3,0,5,2,12,36,3,5,1,6,,,,,,,,,,,,,,,
15/10/1991,1208,23,33,5,40,49,39,91,83,9,33,35,20,16,8,28,17,1,3,0,19,15,56,12,9,0,0,10,4,13,11,3,20,1,4,4,8,2,9,35,5,21,29,8,5,23,17,9,4,7,26,19,30,3,3,1,0,7,17,104,4,19,7,8,1,2,0,8,3,10,23,5,6,0,6,,,,,,,,,,,,,,,
15/11/1991,1073,26,23,13,37,43,53,52,86,7,23,36,4,11,10,30,11,1,2,3,18,16,44,11,6,0,3,5,3,20,15,1,19,1,6,1,7,2,9,31,3,8,13,15,3,4,31,12,1,1,21,12,15,0,8,4,0,5,21,86,4,15,13,16,2,1,1,10,5,12,28,4,3,2,5,,,,,,,,,,,,,,,
15/12/1991,1044,26,17,12,45,21,25,54,79,2,22,31,10,15,10,20,13,2,4,2,10,16,53,13,9,0,3,2,4,8,9,1,30,4,2,3,10,5,11,31,4,15,19,9,10,15,26,10,0,6,14,14,16,2,8,7,0,3,21,62,10,11,9,11,2,1,0,5,5,15,51,8,8,4,9,,,,,,,,,,,,,,,
15/01/1992,883,23,24,4,29,41,34,47,80,3,20,14,7,11,5,30,7,1,1,0,8,14,32,13,6,0,3,1,0,9,14,3,24,3,6,1,7,1,10,19,1,12,17,6,6,14,19,2,3,4,28,7,17,3,5,1,1,5,28,66,5,20,2,10,0,0,0,1,1,6,26,4,5,0,3,,,,,,,,,,,,,,,
15/02/1992,995,34,21,8,24,46,58,62,77,3,24,25,5,12,9,26,8,0,1,0,7,21,49,13,11,0,1,3,3,12,7,0,18,1,3,3,5,3,7,20,4,8,25,6,4,11,38,6,2,3,31,7,10,3,2,0,2,3,25,75,5,19,10,10,1,3,0,2,3,12,17,7,1,0,10,,,,,,,,,,,,,,,
15/03/1992,1051,27,22,7,38,26,39,55,77,8,24,18,8,7,7,21,18,5,3,2,19,27,60,10,7,0,6,8,2,8,9,3,22,2,7,4,10,5,7,25,3,16,16,19,4,10,30,4,3,5,32,15,12,1,2,2,4,5,18,93,4,11,13,7,0,0,0,4,1,17,26,3,6,5,7,,,,,,,,,,,,,,,
15/04/1992,1076,29,20,4,37,33,30,67,79,9,25,19,9,8,12,18,21,4,6,1,14,25,46,18,11,0,1,10,0,12,18,1,22,3,2,8,8,0,13,31,8,11,20,7,4,5,24,9,3,3,25,12,16,1,2,3,0,5,20,87,7,14,10,4,1,0,0,7,6,15,48,3,7,2,13,,,,,,,,,,,,,,,
15/05/1992,1042,30,23,8,39,28,42,51,70,8,27,32,11,15,9,27,12,2,4,2,11,23,42,19,12,0,0,6,0,15,9,2,20,2,4,7,3,4,7,29,5,7,24,16,7,7,15,8,2,3,32,23,21,3,4,2,4,8,25,70,3,8,13,7,2,0,0,4,2,21,29,3,3,3,3,,,,,,,,,,,,,,,
15/06/1992,1015,27,23,5,21,38,31,60,62,10,20,16,2,10,6,18,13,6,2,1,19,33,62,6,4,0,2,4,2,10,16,3,13,0,5,9,12,5,8,29,5,1,27,7,5,6,23,11,3,5,33,18,13,2,2,5,4,1,32,81,10,18,9,13,1,6,0,5,4,10,20,3,10,2,7,,,,,,,,,,,,,,,
15/07/1992,1095,35,16,9,36,31,37,59,78,9,19,26,7,17,12,32,10,0,0,2,20,18,56,10,9,3,2,4,1,19,21,3,24,4,3,2,14,1,9,27,2,11,19,12,3,26,22,5,2,3,24,18,18,0,1,2,1,7,30,85,7,14,12,14,0,0,1,3,9,11,32,3,0,5,8,,,,,,,,,,,,,,,
15/08/1992,1038,37,17,11,38,33,38,57,55,6,17,14,6,12,5,41,7,3,0,1,19,26,56,20,4,0,1,1,3,15,14,3,32,1,4,3,5,3,11,21,4,11,18,14,3,6,23,6,0,2,32,17,23,1,6,2,3,4,24,87,11,5,14,8,0,5,0,8,7,15,17,4,8,2,8,,,,,,,,,,,,,,,
15/09/1992,1064,29,17,2,41,38,28,54,77,10,20,37,3,5,7,31,19,0,1,1,13,24,44,12,7,0,3,12,1,15,19,4,22,1,9,1,12,1,7,39,2,12,23,15,5,13,22,10,2,3,31,18,20,0,1,3,2,3,29,73,5,14,10,13,0,1,0,7,7,17,20,3,6,2,6,,,,,,,,,,,,,,,
15/10/1992,1177,24,19,5,39,32,37,70,90,7,16,24,6,26,6,39,9,4,0,1,22,26,60,19,12,0,2,8,1,19,21,4,23,1,5,1,4,3,12,31,5,9,10,15,8,12,28,11,2,3,23,19,22,0,4,4,2,6,41,87,12,13,17,17,3,1,0,2,7,20,18,9,6,2,11,,,,,,,,,,,,,,,
15/11/1992,1241,32,34,9,41,65,42,71,61,11,36,36,6,12,11,22,14,2,0,3,15,22,61,16,11,0,5,8,1,25,12,3,22,2,9,2,9,1,9,30,2,9,30,14,8,14,26,12,3,5,28,23,23,4,4,4,2,5,24,91,11,17,11,13,3,1,0,4,8,22,30,3,5,6,5,,,,,,,,,,,,,,,
15/12/1992,1379,27,31,12,67,45,40,72,81,9,33,40,3,22,4,30,20,4,2,0,23,38,42,19,11,0,10,8,1,20,23,5,30,5,8,8,8,5,25,39,4,11,26,16,3,21,22,9,7,2,38,19,23,2,4,9,4,10,34,61,12,24,15,10,2,1,0,9,15,29,33,6,12,4,12,,,,,,,,,,,,,,,
15/01/1993,853,26,23,0,28,42,25,40,78,9,17,13,11,10,4,15,5,0,1,4,18,20,54,10,2,0,0,3,0,6,0,2,14,2,10,8,3,1,3,19,3,7,27,16,3,5,30,12,1,4,16,17,17,0,2,0,4,3,22,43,3,21,0,8,0,1,0,7,1,18,24,6,3,0,3,,,,,,,,,,,,,,,
15/02/1993,953,24,10,10,29,61,26,79,60,6,11,14,3,10,7,29,13,1,1,1,6,17,36,15,8,0,1,7,2,21,9,3,26,0,5,4,14,3,9,20,2,4,15,5,3,5,25,8,4,0,8,19,18,2,6,1,1,4,31,82,1,8,5,11,2,0,4,3,3,22,26,5,9,1,9,,,,,,,,,,,,,,,
15/03/1993,1172,26,11,4,43,66,47,95,62,13,15,18,8,9,10,41,26,5,4,0,11,22,58,18,4,0,2,15,2,19,18,4,27,3,6,2,2,3,5,29,2,10,20,13,8,11,32,13,0,1,35,16,18,3,6,3,8,3,17,71,11,12,11,15,1,2,0,6,4,34,26,0,2,2,3,,,,,,,,,,,,,,,
15/04/1993,1160,28,22,8,44,50,34,95,83,12,23,31,7,17,4,20,10,2,1,1,12,24,58,19,10,0,0,17,0,22,20,3,24,1,10,2,6,9,19,23,3,13,17,8,3,9,33,9,2,2,31,15,25,3,4,1,0,4,16,81,8,15,3,10,1,1,1,4,6,17,21,2,8,1,12,,,,,,,,,,,,,,,
15/05/1993,1208,22,23,4,61,42,36,101,74,7,25,24,8,15,5,29,17,2,0,1,17,29,63,14,10,0,5,6,2,20,21,4,21,1,8,3,8,5,8,19,4,8,12,14,4,16,27,9,2,2,22,22,18,3,6,1,1,11,34,101,4,21,16,9,1,0,0,2,3,30,25,3,4,6,7,,,,,,,,,,,,,,,
15/06/1993,1200,31,17,8,37,45,43,71,70,10,20,23,5,11,4,32,19,3,1,2,14,20,40,15,14,1,1,8,2,26,24,2,29,0,9,6,7,5,6,32,2,3,28,14,7,17,29,3,0,2,27,29,21,2,6,9,1,11,21,129,9,15,8,13,0,1,0,8,8,24,16,5,7,3,9,,,,,,,,,,,,,,,
15/07/1993,1183,9,19,4,36,61,48,61,100,6,25,29,7,12,8,32,9,3,1,1,14,27,56,9,13,0,4,4,1,20,15,3,26,2,6,3,9,1,6,26,3,7,17,10,11,23,9,12,1,3,41,29,24,0,6,1,3,2,28,100,5,10,9,17,2,0,1,11,5,27,28,6,9,2,5,,,,,,,,,,,,,,,
15/08/1993,1244,26,29,5,40,67,34,60,98,5,8,28,4,14,4,43,9,2,0,0,19,21,81,13,7,0,4,10,1,23,18,5,17,0,3,3,15,5,9,21,9,7,28,7,2,8,20,12,0,4,29,40,24,1,4,6,5,4,33,111,9,17,15,9,2,1,0,0,5,28,25,7,11,3,7,,,,,,,,,,,,,,,
15/09/1993,1204,26,25,5,51,64,38,76,74,7,22,32,6,4,10,27,11,0,3,7,23,22,65,12,11,0,4,7,2,15,21,4,24,7,2,7,6,2,10,30,2,7,27,6,10,9,23,9,0,4,31,22,27,2,6,8,3,2,32,88,2,9,15,9,3,0,0,7,8,29,23,2,8,3,6,,,,,,,,,,,,,,,
15/10/1993,1139,25,19,7,56,48,35,66,73,6,18,22,8,8,3,31,18,3,1,1,16,29,53,12,9,0,3,15,2,20,30,3,22,3,6,1,15,2,6,26,1,7,23,8,4,8,30,7,1,6,22,19,17,1,2,3,3,9,30,94,5,14,7,12,3,1,0,8,5,37,12,2,8,2,7,,,,,,,,,,,,,,,
15/11/1993,1336,26,41,6,58,65,62,63,112,10,34,28,2,10,14,38,18,2,0,1,19,24,72,14,9,0,1,10,1,23,14,2,21,1,4,4,6,3,7,30,2,13,32,8,5,16,20,12,0,4,32,26,27,2,4,5,8,5,16,100,5,25,9,8,0,6,0,4,5,30,25,4,10,4,9,,,,,,,,,,,,,,,
15/12/1993,1224,26,28,6,64,58,35,75,55,12,30,25,6,13,5,35,26,7,0,0,15,19,74,13,8,0,3,9,1,16,16,2,31,3,1,1,8,3,8,33,0,6,29,11,9,12,30,4,0,4,31,13,27,1,5,5,4,4,20,107,9,8,9,6,2,1,0,5,5,41,21,2,13,4,6,,,,,,,,,,,,,,,
15/01/1994,945,23,20,2,36,50,36,67,92,4,9,22,1,11,11,26,5,4,2,0,13,28,55,5,17,0,3,4,0,10,14,3,11,0,4,1,9,1,6,8,3,4,18,7,2,7,28,5,0,1,26,19,21,3,2,3,3,6,23,61,0,15,4,11,0,0,0,2,2,11,29,2,8,2,4,,,,,,,,,,,,,,,
15/02/1994,1153,28,34,3,48,44,44,86,86,9,23,24,6,12,18,41,12,2,1,2,13,28,88,14,7,0,5,7,2,9,18,2,17,2,6,1,4,1,10,25,5,8,14,9,3,14,15,8,5,2,27,12,21,4,2,1,6,4,33,87,2,15,5,9,1,0,0,5,9,15,11,6,4,1,8,,,,,,,,,,,,,,,
15/03/1994,1347,30,19,6,63,91,53,66,118,10,28,27,4,10,6,36,15,5,6,0,16,39,95,18,13,0,5,4,3,19,19,2,7,1,10,4,8,5,6,25,3,5,39,13,7,8,27,3,0,3,31,15,23,2,5,6,6,2,36,95,6,18,8,11,4,0,0,8,6,19,19,4,12,3,8,,,,,,,,,,,,,,,
15/04/1994,1209,23,29,7,54,74,61,65,88,18,17,17,10,8,7,35,13,2,0,2,18,24,77,12,8,0,3,14,2,24,18,6,21,0,1,9,6,4,14,32,3,7,17,18,1,10,14,9,0,5,37,28,21,2,4,1,6,3,24,71,4,11,5,7,5,1,0,3,10,20,17,5,7,2,8,,,,,,,,,,,,,,,
15/05/1994,1410,17,30,4,63,94,84,95,128,13,26,33,4,12,9,38,18,3,2,1,20,15,71,16,9,0,3,4,0,13,24,3,22,2,6,2,11,4,11,26,2,7,22,15,6,10,16,7,1,2,28,33,30,0,4,2,6,7,25,102,4,27,16,10,3,2,1,10,7,26,27,4,7,0,5,,,,,,,,,,,,,,,
15/06/1994,1289,17,35,7,48,84,62,82,74,13,19,16,3,9,4,41,20,1,0,2,27,17,84,15,7,0,2,11,0,18,24,0,16,2,4,1,11,5,8,35,5,3,21,7,3,11,27,6,0,2,39,23,23,3,4,2,1,6,24,131,4,25,10,9,3,1,0,7,2,17,21,5,11,4,5,,,,,,,,,,,,,,,
15/07/1994,1387,33,37,4,67,83,67,85,95,11,19,34,3,14,7,51,17,2,2,4,19,37,115,17,14,0,2,13,1,15,17,1,18,0,2,1,9,1,11,29,0,6,18,14,6,5,36,6,1,2,30,14,26,1,4,1,2,2,20,107,7,20,8,8,2,1,0,4,9,17,27,6,10,1,9,,,,,,,,,,,,,,,
15/08/1994,1523,30,28,6,70,100,60,88,132,18,25,30,6,7,10,62,21,0,0,0,23,35,95,19,6,0,3,8,2,25,16,1,22,1,3,5,8,2,6,32,1,7,34,17,6,9,32,9,1,2,21,23,31,2,4,5,4,8,29,134,6,11,13,7,0,4,0,9,13,16,26,9,8,3,14,,,,,,,,,,,,,,,
15/09/1994,1481,34,40,3,65,97,59,107,114,12,35,36,7,18,5,63,14,0,1,0,22,32,93,22,6,0,0,10,0,23,19,2,8,1,3,4,9,0,14,29,4,9,28,15,3,6,26,2,0,3,36,24,19,0,3,8,4,3,43,106,3,17,13,13,2,3,0,4,15,24,14,6,11,1,6,,,,,,,,,,,,,,,
15/10/1994,1494,31,39,8,64,93,82,113,95,17,27,37,4,14,7,51,17,3,0,1,21,31,103,16,4,0,3,9,2,17,21,4,17,0,2,0,5,2,11,26,5,8,36,13,8,18,25,6,1,4,18,22,26,1,3,6,8,4,41,106,1,29,7,10,6,3,0,8,11,14,21,7,14,0,7,,,,,,,,,,,,,,,
15/11/1994,1620,37,36,7,96,80,72,96,107,21,39,19,9,13,4,53,17,2,1,1,23,45,92,17,10,0,0,14,1,13,29,5,22,2,7,1,9,3,8,40,0,7,30,24,5,9,31,14,0,1,30,24,39,0,3,5,10,6,42,130,8,20,14,17,3,0,0,5,12,23,27,4,11,7,8,,,,,,,,,,,,,,,
15/12/1994,1372,30,33,5,68,77,60,100,69,16,41,22,6,5,7,52,17,4,3,3,19,44,87,16,9,0,1,10,0,11,15,2,16,0,7,4,11,3,7,35,3,1,29,7,7,13,26,4,1,0,34,15,26,1,5,9,5,12,37,86,4,23,4,8,2,0,0,7,8,27,31,8,4,0,10,,,,,,,,,,,,,,,
15/01/1995,1087,14,22,10,60,69,48,63,92,15,35,14,2,12,4,39,10,2,1,0,23,8,51,19,10,0,2,7,0,1,15,1,19,1,7,1,6,0,6,31,0,3,23,11,0,5,32,11,0,5,20,14,28,2,4,2,0,7,22,91,2,18,3,6,1,0,0,0,8,14,15,1,8,1,10,,,,,,,,,,,,,,,
15/02/1995,1190,19,20,11,41,68,56,74,77,12,33,24,2,11,6,28,20,5,1,1,19,16,77,14,6,0,4,6,1,10,17,3,16,0,6,5,9,2,9,25,4,10,18,10,0,5,22,2,2,1,15,13,45,2,3,11,5,5,18,105,7,19,7,11,2,0,0,7,9,35,29,4,7,0,3,,,,,,,,,,,,,,,
15/03/1995,1423,31,33,6,105,85,86,99,88,8,27,18,5,12,5,41,12,2,2,4,29,26,88,22,6,0,3,7,4,10,14,7,25,3,4,8,3,1,3,22,0,8,28,12,1,13,28,10,2,2,27,23,30,0,4,1,6,4,30,101,6,14,10,11,4,0,0,3,9,33,23,7,9,1,9,,,,,,,,,,,,,,,
15/04/1995,1039,26,15,5,51,46,51,45,65,4,34,20,3,10,7,38,16,1,3,0,19,23,65,16,5,0,1,11,0,14,14,3,13,1,3,3,4,2,7,21,3,8,26,9,2,3,18,4,0,1,27,2,18,0,4,4,2,4,22,99,5,26,3,5,4,0,0,6,12,14,23,3,7,0,10,,,,,,,,,,,,,,,
15/05/1995,1215,28,28,7,96,53,67,72,86,11,25,27,6,8,8,34,18,0,4,1,14,17,74,15,4,0,6,8,1,10,16,1,16,1,5,1,8,2,9,25,1,3,14,4,7,15,25,6,0,1,26,18,20,3,5,8,3,7,17,81,8,23,12,20,5,1,0,1,7,26,14,8,4,2,8,,,,,,,,,,,,,,,
15/06/1995,1057,22,15,2,49,56,50,60,65,10,27,23,6,5,10,54,8,0,0,2,36,15,60,18,7,0,0,10,2,8,11,1,11,1,2,4,5,2,8,21,1,1,23,16,3,14,16,4,1,0,25,15,32,1,5,0,3,3,33,87,7,13,11,5,0,0,0,3,6,15,15,5,3,1,4,,,,,,,,,,,,,,,
15/07/1995,1094,18,19,6,66,64,63,72,80,5,29,27,5,6,4,53,23,1,1,1,21,20,75,14,9,0,3,10,1,16,10,4,13,0,1,3,1,2,0,20,1,4,15,5,4,3,16,1,0,2,26,14,14,3,2,3,3,8,20,93,3,9,4,8,1,0,0,3,5,28,14,8,3,1,4,,,,,,,,,,,,,,,
15/08/1995,1246,22,30,7,80,51,59,74,83,9,32,34,2,8,8,51,14,2,0,1,18,26,81,14,8,0,3,6,2,13,13,0,12,1,3,3,6,0,5,23,3,4,23,7,0,11,21,2,0,2,33,12,31,1,6,3,3,8,24,99,7,31,10,9,1,2,1,4,7,27,27,3,7,3,10,,,,,,,,,,,,,,,
15/09/1995,1204,24,23,4,60,43,92,66,68,12,32,36,5,11,13,50,13,2,2,2,17,33,87,17,9,1,0,10,2,16,17,7,13,0,3,1,3,2,9,23,1,4,17,8,3,5,24,6,0,0,29,9,24,0,1,8,4,8,33,70,6,23,11,8,1,0,1,2,9,20,19,6,7,1,8,,,,,,,,,,,,,,,
15/10/1995,1386,36,35,12,93,80,94,74,94,9,34,33,8,12,3,49,18,1,2,2,26,32,88,20,15,1,3,8,2,15,14,4,9,0,1,3,7,1,6,16,2,3,27,13,10,9,27,4,1,1,40,14,27,2,2,3,4,9,34,71,2,28,7,11,2,1,0,5,7,22,14,3,11,3,7,,,,,,,,,,,,,,,
15/11/1995,1408,30,27,13,44,122,78,87,111,19,34,33,4,9,8,41,16,2,1,3,32,34,90,15,5,0,1,6,2,12,16,2,15,3,2,4,9,1,1,22,1,6,23,4,6,22,34,7,1,4,32,22,32,0,4,5,2,8,20,81,7,20,11,11,6,1,0,4,12,19,29,4,3,1,12,,,,,,,,,,,,,,,
15/12/1995,1192,35,27,5,78,60,73,85,74,4,25,22,7,13,5,49,17,2,0,4,21,25,77,15,11,0,4,9,0,6,14,3,10,0,5,3,8,0,10,25,1,2,14,6,5,8,22,6,1,1,23,12,25,0,7,6,3,5,27,64,5,17,7,5,1,0,0,4,7,22,33,5,7,3,7,,,,,,,,,,,,,,,
15/01/1996,1146,28,20,7,72,86,80,72,115,9,29,23,4,6,9,49,13,2,2,3,14,23,74,13,9,0,0,5,2,6,17,2,18,1,6,1,6,0,4,20,0,3,15,10,7,6,15,6,0,2,14,6,19,1,6,2,0,5,21,60,4,18,9,11,1,2,0,3,7,11,13,4,6,0,9,,,,,,,,,,,,,,,
15/02/1996,1356,16,24,11,87,109,92,100,111,16,35,34,8,7,8,63,22,1,3,0,18,24,79,22,12,0,1,6,3,10,13,2,10,0,1,1,6,0,8,15,2,2,15,11,5,10,21,5,1,1,41,10,21,3,3,2,1,4,26,92,8,18,4,7,2,3,0,4,12,13,16,4,4,2,5,,,,,,,,,,,,,,,
15/03/1996,1503,40,24,1,95,124,121,96,111,9,37,33,9,10,7,51,18,3,2,5,29,26,109,21,17,0,5,7,1,12,16,3,20,0,3,4,7,1,5,17,2,4,14,12,4,7,20,6,3,4,34,26,15,3,3,5,1,3,23,93,3,20,16,13,5,2,0,6,8,17,15,0,9,3,5,,,,,,,,,,,,,,,
15/04/1996,1394,41,35,12,75,100,95,74,104,16,47,26,4,14,9,72,14,3,4,0,12,31,91,18,4,0,6,6,0,8,11,2,20,1,3,8,4,0,9,29,3,3,22,7,1,6,35,4,2,0,29,16,24,1,4,5,2,7,32,76,6,33,10,3,2,2,0,2,9,15,15,2,3,1,4,,,,,,,,,,,,,,,
15/05/1996,1604,33,37,6,86,111,109,113,121,7,32,48,12,8,8,65,19,0,2,5,26,38,122,22,10,1,2,15,1,15,25,1,7,2,1,15,12,0,8,13,1,6,21,8,3,9,29,2,1,4,29,19,30,3,4,5,2,3,43,76,12,27,7,14,1,3,0,4,16,23,21,9,5,2,4,,,,,,,,,,,,,,,
15/06/1996,1299,35,30,3,50,81,103,108,107,4,39,30,3,12,9,54,20,2,2,2,12,37,129,13,4,0,2,4,1,8,12,2,10,1,1,2,8,2,3,14,1,7,29,8,4,5,16,0,0,5,28,10,15,0,5,2,3,3,27,89,4,14,12,8,0,0,0,4,4,9,14,2,8,1,3,,,,,,,,,,,,,,,
15/07/1996,1434,43,28,8,63,93,112,90,133,16,40,30,6,11,6,76,10,0,0,0,27,21,130,15,10,0,3,3,0,14,11,4,9,0,2,2,4,0,3,14,1,4,29,10,4,18,25,1,2,5,15,16,23,2,6,2,5,2,37,92,8,23,10,6,0,1,0,3,9,9,15,5,4,4,1,,,,,,,,,,,,,,,
15/08/1996,1416,26,30,6,49,90,93,99,64,10,48,44,10,7,4,88,18,2,1,2,26,29,100,23,10,0,5,10,2,14,12,1,9,1,4,0,2,3,4,13,1,5,21,7,2,10,25,3,1,1,30,25,35,0,2,4,3,4,25,115,3,35,14,7,2,0,0,6,9,20,20,3,13,3,3,,,,,,,,,,,,,,,
15/09/1996,1452,27,23,6,68,88,67,76,164,14,30,49,6,10,7,61,28,1,0,1,11,37,132,26,10,0,0,12,0,14,13,2,11,3,3,0,7,4,3,13,2,6,25,10,5,1,27,4,0,0,25,23,21,0,2,4,4,4,34,111,5,29,14,14,0,2,0,1,6,10,18,3,6,2,7,,,,,,,,,,,,,,,
15/10/1996,1482,37,31,15,92,82,73,113,110,19,41,43,13,9,5,79,20,1,4,1,21,43,124,21,12,0,5,4,0,10,18,2,12,1,2,2,7,1,9,12,0,4,22,7,7,8,13,2,1,3,16,19,19,3,1,7,4,6,33,105,3,19,9,11,2,2,2,1,10,22,13,1,7,1,5,,,,,,,,,,,,,,,
15/11/1996,1652,35,51,4,80,104,83,144,168,11,55,44,6,19,15,71,26,1,1,1,13,37,137,24,6,2,3,15,2,13,14,0,15,1,4,1,7,2,2,16,1,3,20,4,5,10,28,6,0,1,26,20,22,1,3,6,1,2,29,99,5,35,12,13,2,1,2,5,11,20,14,3,7,0,2,,,,,,,,,,,,,,,
15/12/1996,1404,31,50,4,90,77,86,104,113,12,31,38,7,15,8,50,21,5,1,1,19,36,111,14,16,0,5,4,1,15,13,1,8,1,4,1,6,2,4,15,2,2,29,10,2,15,25,1,0,4,30,15,19,1,2,5,2,3,25,85,2,18,13,7,1,1,0,5,12,14,15,2,8,2,7,,,,,,,,,,,,,,,
15/01/1997,1288,23,34,2,68,62,92,79,130,19,37,30,6,8,4,58,17,1,1,1,16,29,116,16,13,0,2,9,0,6,8,1,13,1,3,2,1,1,5,8,2,7,24,3,6,7,20,6,0,5,25,10,18,0,0,0,1,3,23,98,28,26,6,9,4,1,0,0,10,9,4,3,5,0,3,,,,,,,,,,,,,,,
15/02/1997,1314,34,32,4,69,70,100,99,161,5,35,32,9,6,7,62,18,5,1,1,23,17,118,18,14,0,2,1,4,3,9,0,13,0,2,2,4,0,3,12,1,3,26,9,3,7,15,1,1,2,19,16,12,0,2,3,7,6,28,77,0,23,6,10,2,0,1,2,5,13,7,5,4,0,3,,,,,,,,,,,,,,,
15/03/1997,1359,31,44,12,66,92,64,69,144,23,35,24,8,16,6,85,14,1,2,1,10,29,123,16,11,0,1,8,1,17,11,0,9,2,8,0,3,1,2,12,1,5,31,10,2,9,14,3,0,2,25,17,29,0,2,5,3,9,28,82,1,18,8,13,0,2,0,3,7,11,7,1,4,1,5,,,,,,,,,,,,,,,
15/04/1997,1621,35,54,4,112,64,74,106,178,30,32,34,16,22,7,81,17,0,4,0,14,26,186,27,15,0,1,3,2,9,17,2,13,1,1,5,1,0,6,19,2,6,25,6,4,6,32,7,2,8,29,11,23,1,4,5,4,8,22,89,4,25,9,11,2,0,0,2,4,14,19,6,6,1,6,,,,,,,,,,,,,,,
15/05/1997,1556,37,43,14,77,74,85,85,179,22,34,40,7,17,11,83,19,2,2,1,28,38,169,24,14,0,2,6,0,3,9,1,9,1,1,1,3,0,6,10,5,2,29,9,2,7,21,3,2,3,25,18,16,1,3,4,2,4,34,107,4,33,13,7,4,0,0,4,3,15,9,3,3,2,2,,,,,,,,,,,,,,,
15/06/1997,1448,37,42,5,78,82,77,88,141,12,42,22,11,23,5,59,25,2,0,0,24,34,142,21,9,0,3,10,1,9,6,0,8,1,3,4,2,0,2,5,0,9,34,7,1,7,38,3,4,5,28,13,9,1,4,3,0,3,38,124,1,24,13,4,1,1,0,2,6,12,6,0,4,4,4,,,,,,,,,,,,,,,
15/07/1997,1740,39,48,10,68,92,95,91,158,16,49,48,12,16,10,102,20,3,0,1,28,37,177,21,19,1,4,7,3,15,13,0,6,1,4,3,1,0,6,16,1,6,44,7,6,9,44,2,0,2,39,22,40,1,4,4,3,7,42,106,5,33,3,9,0,0,0,8,8,15,18,6,4,0,2,,,,,,,,,,,,,,,
15/08/1997,1562,36,39,11,58,104,89,85,139,34,36,31,11,13,8,89,22,0,2,0,25,34,173,20,11,0,2,9,0,13,10,1,11,0,0,0,5,0,4,12,2,3,25,12,1,11,28,2,0,2,30,22,35,1,5,0,2,9,31,111,3,25,14,9,2,1,0,1,3,14,8,1,7,1,4,,,,,,,,,,,,,,,
15/09/1997,1744,37,41,13,83,92,125,101,196,11,38,44,7,25,8,93,21,0,0,1,29,52,180,18,16,0,1,9,2,7,18,2,9,1,3,1,5,3,7,17,2,4,29,8,3,11,32,0,2,3,32,19,27,1,5,3,3,9,38,110,6,30,7,13,0,0,0,0,10,12,5,2,2,0,0,,,,,,,,,,,,,,,
15/10/1997,1738,37,50,17,68,118,97,126,186,15,32,31,11,18,9,72,25,6,1,2,30,36,172,24,12,0,4,8,2,7,13,4,11,1,0,2,3,4,9,15,0,5,51,10,9,11,30,5,1,1,17,12,26,1,1,5,3,12,29,108,7,31,9,14,4,1,0,6,12,8,17,2,6,1,5,,,,,,,,,,,,,,,
15/11/1997,1663,43,47,12,71,95,139,108,157,23,42,42,6,23,6,106,24,2,1,0,24,35,124,33,10,0,0,9,0,14,15,2,8,1,3,1,1,3,4,12,2,8,37,9,11,4,40,2,1,3,41,21,19,1,1,0,1,13,30,90,10,14,8,7,1,0,0,3,6,10,15,0,8,0,1,,,,,,,,,,,,,,,
15/12/1997,1561,40,61,6,78,83,113,93,117,10,40,27,15,22,8,72,27,0,2,3,32,35,117,25,14,0,5,10,1,10,12,2,8,0,1,1,4,0,5,13,0,10,38,10,6,5,49,5,0,4,21,15,27,0,8,2,2,4,28,100,8,29,16,10,1,1,0,3,5,7,21,3,6,3,2,,,,,,,,,,,,,,,
15/01/1998,1246,29,31,4,61,56,81,74,119,15,29,24,8,23,9,57,18,0,1,0,28,18,147,16,5,0,3,10,0,6,12,2,10,1,6,1,5,0,4,13,1,6,19,4,2,12,23,8,1,2,24,17,19,3,2,1,1,8,37,60,5,30,9,5,1,0,0,2,1,4,8,0,4,0,1,,,,,,,,,,,,,,,
15/02/1998,1344,38,57,8,53,60,75,84,180,11,38,28,9,13,11,58,20,0,1,1,18,21,109,26,10,0,6,2,0,10,10,1,8,0,3,4,1,1,7,14,2,8,28,6,4,7,20,4,3,7,23,22,13,0,3,0,0,6,27,97,3,17,3,10,1,0,0,0,6,8,10,4,2,1,3,,,,,,,,,,,,,,,
15/03/1998,1523,47,57,19,55,63,93,99,160,19,33,26,11,25,7,66,20,2,2,4,17,40,119,26,11,0,4,4,1,9,11,2,8,0,4,1,5,0,4,16,1,9,39,10,8,16,40,3,3,4,30,20,27,0,5,1,3,9,38,83,4,27,9,6,2,0,0,2,6,9,10,0,4,0,5,,,,,,,,,,,,,,,
15/04/1998,1242,27,43,6,49,35,65,86,121,18,39,34,6,25,7,70,20,1,2,1,28,29,108,25,4,0,7,4,3,8,7,2,7,0,5,1,0,0,5,10,0,2,29,2,3,12,35,2,1,8,25,9,17,1,4,3,3,6,24,79,2,23,5,5,1,1,0,2,3,15,5,3,3,0,1,,,,,,,,,,,,,,,
15/05/1998,1214,25,40,6,59,48,47,75,162,12,30,31,3,19,8,58,21,1,3,0,19,32,88,13,6,0,3,3,0,6,10,3,8,0,2,2,3,1,6,13,1,8,28,7,6,14,31,3,0,2,19,13,21,2,3,2,3,8,30,77,9,19,9,8,1,1,0,3,5,7,6,1,1,0,0,,,,,,,,,,,,,,,
15/06/1998,1105,24,39,10,50,37,65,60,120,16,16,32,3,22,6,32,22,0,1,2,25,30,76,14,8,1,5,7,0,9,10,2,8,1,2,1,3,0,4,9,0,4,41,8,4,9,24,7,0,3,19,10,15,4,4,2,2,7,33,75,6,19,10,4,1,0,0,2,3,4,8,0,4,0,1,,,,,,,,,,,,,,,
15/07/1998,1199,24,25,8,51,48,67,60,157,28,27,25,4,9,5,67,15,0,0,0,10,30,84,22,7,0,3,6,1,11,9,3,8,0,2,3,3,1,2,9,1,3,24,10,7,9,34,3,1,3,25,9,18,0,3,0,3,5,31,100,6,25,5,8,0,0,0,2,4,14,7,1,3,1,0,,,,,,,,,,,,,,,
15/08/1998,1170,28,37,10,61,38,71,64,132,16,26,29,6,23,13,63,16,2,0,2,25,16,69,23,6,0,2,2,0,9,8,4,8,2,1,0,2,0,2,19,1,5,28,3,5,9,25,1,2,4,27,9,21,2,2,2,1,4,28,84,2,16,9,2,1,1,0,1,6,13,9,2,7,0,3,,,,,,,,,,,,,,,
15/09/1998,1207,22,33,6,53,39,78,73,135,16,31,28,4,14,8,65,16,3,1,1,22,23,72,14,9,0,11,7,1,11,14,1,12,0,2,1,2,2,3,8,1,6,25,8,7,12,26,5,1,3,24,16,23,3,2,1,2,9,43,77,5,30,6,5,0,2,0,1,4,7,6,2,2,2,0,,,,,,,,,,,,,,,
15/10/1998,1288,22,42,11,43,60,87,72,157,11,29,46,9,16,4,68,21,5,3,2,16,36,68,18,5,1,1,7,0,9,7,2,9,2,2,1,2,0,5,11,0,6,27,13,9,4,30,7,4,4,24,12,15,4,1,0,0,7,26,96,8,33,8,10,1,1,0,1,4,7,8,1,5,2,0,,,,,,,,,,,,,,,
15/11/1998,1388,51,43,17,72,50,74,58,175,19,36,44,7,17,7,88,20,2,3,2,19,30,96,18,5,0,3,11,1,23,11,5,9,0,2,3,4,0,4,19,2,5,25,10,15,12,27,1,1,1,25,9,17,0,3,2,0,7,30,75,3,22,5,5,1,2,0,4,4,10,9,2,4,0,2,,,,,,,,,,,,,,,
15/12/1998,1326,39,45,13,41,56,60,87,154,13,33,30,4,21,7,58,23,0,0,0,16,21,86,15,7,0,5,8,1,12,9,1,11,0,2,3,6,1,4,14,1,5,30,8,13,14,35,3,1,5,33,14,29,2,1,3,1,6,36,81,13,27,19,11,1,1,0,4,0,12,10,0,0,0,1,,,,,,,,,,,,,,,
15/01/1999,1153,18,33,10,50,53,82,60,142,9,34,21,2,18,11,54,15,1,0,2,18,23,86,19,7,0,4,3,1,16,8,0,10,0,1,1,2,0,3,16,0,9,30,10,4,5,17,2,0,3,20,6,20,2,3,1,2,3,31,84,8,27,6,5,0,1,0,0,0,9,6,1,3,0,2,,,,,,,,,,,,,,,
15/02/1999,1340,36,34,10,78,65,98,69,136,16,25,23,3,19,7,77,28,1,2,1,19,20,99,18,9,0,6,2,0,8,19,1,9,2,3,1,2,2,6,12,1,4,35,15,7,8,22,6,1,2,22,15,21,2,2,2,2,5,42,86,7,19,4,10,0,0,0,1,9,13,6,1,4,0,0,,,,,,,,,,,,,,,
15/03/1999,1820,42,62,10,67,71,123,99,288,13,39,33,9,24,15,103,20,1,0,2,23,26,123,23,6,0,1,8,0,14,22,1,8,2,2,0,4,2,6,25,0,6,36,14,6,6,50,6,2,11,18,10,25,4,3,3,1,14,41,123,2,34,10,14,1,1,2,6,7,18,19,4,6,0,0,,,,,,,,,,,,,,,
15/04/1999,1546,24,47,13,68,103,115,77,161,26,29,39,9,22,11,71,25,1,4,0,22,23,117,21,13,0,2,11,5,10,16,4,10,1,5,1,1,0,12,11,2,6,33,13,6,19,41,8,2,1,28,7,29,1,3,0,1,6,28,107,6,26,9,5,0,0,0,2,4,9,10,2,2,0,0,,,,,,,,,,,,,,,
15/05/1999,1735,29,37,13,72,109,142,120,242,13,42,30,10,27,6,78,25,2,5,1,26,35,106,20,2,0,4,11,2,18,15,1,8,0,5,1,4,1,6,15,1,9,23,11,10,7,34,2,2,6,29,13,30,1,2,1,2,5,42,139,5,14,17,9,0,2,0,1,6,11,12,0,4,0,2,,,,,,,,,,,,,,,
15/06/1999,1574,34,41,7,64,65,125,63,192,28,32,32,12,24,8,80,21,6,1,2,21,28,132,14,6,0,0,7,1,10,16,2,17,0,2,1,4,0,8,20,0,5,30,14,8,18,25,3,1,2,34,15,24,5,0,4,2,8,41,110,2,32,9,9,0,0,0,4,5,25,7,2,1,0,3,,,,,,,,,,,,,,,
15/07/1999,1712,30,41,5,67,72,108,80,288,21,28,33,3,31,7,72,23,3,3,2,20,18,124,24,15,0,5,13,0,15,13,1,9,1,4,1,7,0,3,22,0,17,42,14,6,6,40,7,2,4,29,14,20,3,1,3,4,11,41,130,4,26,10,6,2,0,0,1,2,24,14,7,5,0,5,,,,,,,,,,,,,,,
15/08/1999,1746,25,49,9,73,90,150,103,222,17,40,37,4,22,6,80,29,1,1,0,29,26,103,22,8,0,2,7,1,13,9,4,12,1,2,1,6,2,6,22,1,12,43,10,5,14,43,8,2,6,25,17,22,2,2,3,2,8,51,124,5,26,13,14,0,1,1,2,3,16,23,2,4,0,2,,,,,,,,,,,,,,,
15/09/1999,1948,45,39,21,100,89,104,89,302,23,53,59,14,21,12,97,31,3,2,4,29,29,118,19,7,0,5,9,0,13,11,2,14,6,2,1,4,1,6,17,1,8,40,7,8,12,34,7,1,5,41,14,19,2,2,6,3,13,49,116,13,36,9,15,1,0,0,1,6,28,42,1,3,0,4,,,,,,,,,,,,,,,
15/10/1999,1595,33,46,13,65,56,93,81,204,27,33,35,3,15,6,89,29,4,0,1,26,33,111,13,14,0,5,6,0,8,9,5,9,1,2,2,3,3,6,18,2,8,34,18,12,9,53,6,8,8,21,15,25,4,1,2,1,10,35,127,6,20,6,11,3,0,0,1,4,19,14,2,2,0,1,,,,,,,,,,,,,,,
15/11/1999,1625,40,51,18,86,57,84,105,198,29,33,38,8,21,12,68,25,3,1,4,20,41,92,19,11,0,6,8,1,27,19,6,12,1,7,1,6,1,8,26,6,14,47,9,7,9,42,7,5,3,37,12,17,1,3,1,1,14,34,72,6,18,5,8,2,2,0,2,9,20,9,3,2,0,5,,,,,,,,,,,,,,,
15/12/1999,1399,25,45,12,74,55,66,90,171,15,24,24,9,21,7,36,22,2,4,1,33,17,64,19,5,0,6,4,1,5,7,2,11,2,2,1,4,2,10,24,1,7,29,13,7,9,46,4,1,7,39,11,18,0,3,2,2,4,31,128,5,39,6,0,6,1,0,2,7,24,17,2,3,0,3,,,,,,,,,,,,,,,
15/01/2000,1060,24,28,7,49,58,73,47,134,14,30,21,4,16,8,40,19,3,2,0,11,10,84,12,11,0,0,8,1,20,9,1,6,0,1,1,4,1,6,13,1,9,29,8,5,5,19,3,2,8,17,2,29,1,1,0,1,8,26,38,3,26,5,4,0,1,0,1,6,11,11,0,2,1,1,,,,,,,,,,,,,,,
15/02/2000,1315,29,41,14,66,68,103,59,103,33,29,25,8,30,6,63,20,2,1,1,13,16,73,8,7,0,2,10,1,15,9,5,17,0,2,1,1,0,3,17,1,10,33,14,9,12,42,7,2,5,21,14,23,3,1,1,1,11,26,86,6,21,16,13,0,0,0,0,1,24,5,2,2,0,2,,,,,,,,,,,,,,,
15/03/2000,1578,36,59,14,59,68,97,82,138,20,39,28,17,24,12,79,28,1,4,1,33,28,83,19,10,0,3,5,1,18,17,3,15,0,3,1,10,1,12,20,2,12,35,17,6,16,61,6,3,11,39,14,32,1,3,5,1,12,35,75,6,28,10,5,1,1,0,2,7,24,7,4,3,2,4,,,,,,,,,,,,,,,
15/04/2000,1223,9,37,13,52,49,71,146,107,22,26,25,4,18,9,53,20,2,0,2,15,24,55,14,6,0,1,4,2,13,11,1,10,1,1,0,5,2,7,11,0,8,34,8,12,12,36,10,3,3,29,9,13,1,4,3,2,6,28,65,4,13,6,4,1,0,0,1,6,21,11,0,21,1,0,,,,,,,,,,,,,,,
15/05/2000,1461,22,38,15,77,65,81,97,158,21,32,31,4,31,10,56,15,1,4,3,21,23,88,11,3,0,3,5,0,20,14,2,16,1,4,4,9,3,6,22,4,11,40,15,6,16,36,5,5,4,31,7,29,2,2,5,2,8,20,77,6,34,12,12,1,0,0,1,5,26,12,3,7,0,1,,,,,,,,,,,,,,,
15/06/2000,1273,25,42,7,31,95,74,56,116,23,19,24,6,21,5,72,18,1,1,0,17,19,60,27,7,0,4,6,0,22,12,4,5,1,3,0,4,2,10,21,1,5,18,11,13,5,65,7,0,6,22,11,27,0,1,3,0,10,29,64,7,22,9,15,0,2,0,1,4,28,16,3,6,1,1,,,,,,,,,,,,,,,
15/07/2000,1162,17,45,10,39,42,73,62,112,13,29,27,3,14,9,41,12,1,1,3,15,19,74,15,5,0,2,9,4,19,10,1,14,1,1,1,3,1,3,13,0,12,37,11,9,9,30,4,5,4,28,15,24,3,2,2,3,6,24,83,4,19,12,11,0,0,0,4,2,24,5,3,2,0,2,,,,,,,,,,,,,,,
15/08/2000,1377,30,39,6,53,79,79,55,174,23,23,35,7,18,8,54,12,0,0,2,25,22,69,11,7,0,2,4,1,13,8,1,9,0,1,0,4,1,10,28,3,9,31,10,14,9,37,3,8,5,25,13,18,1,3,4,0,5,24,120,6,20,9,8,0,0,0,7,10,44,8,3,0,2,5,,,,,,,,,,,,,,,
15/09/2000,1370,23,35,8,58,73,71,98,153,21,29,30,4,14,4,41,15,2,0,1,20,28,73,18,6,0,2,10,0,15,12,8,18,0,1,0,7,1,6,22,3,13,34,16,9,16,38,4,2,6,36,11,21,0,2,2,1,6,31,91,2,21,9,5,1,0,0,2,10,25,17,3,3,0,3,,,,,,,,,,,,,,,
15/10/2000,1218,30,45,8,59,63,45,68,131,6,21,40,6,16,8,42,13,2,3,2,22,30,59,22,11,0,4,8,3,11,15,13,8,0,1,0,2,1,3,12,1,7,33,7,15,13,37,5,2,4,34,13,19,2,2,3,3,6,24,56,3,24,6,7,2,1,0,2,5,22,17,4,4,1,1,,,,,,,,,,,,,,,
15/11/2000,1351,25,45,11,72,66,76,75,153,22,28,26,6,19,8,43,16,4,1,3,23,17,75,13,10,0,2,1,0,15,13,11,9,3,4,0,5,1,10,22,3,7,36,12,10,17,30,5,0,4,37,9,27,0,2,6,3,6,21,76,6,24,7,7,0,3,0,2,2,30,13,0,6,1,6,,,,,,,,,,,,,,,
15/12/2000,1006,19,38,13,49,63,70,42,113,17,26,19,6,13,5,21,6,0,2,0,15,12,54,12,4,0,4,4,0,13,5,7,9,0,1,0,2,2,9,19,2,4,25,8,13,3,24,4,2,6,14,10,21,0,1,2,2,7,17,54,8,17,7,7,2,1,0,1,6,24,13,0,4,0,3,,,,,,,,,,,,,,,
15/01/2001,1133,25,38,5,49,93,60,113,121,16,17,10,3,22,3,34,23,1,1,3,12,8,65,10,3,0,0,4,0,13,6,2,9,2,2,4,3,1,8,16,2,8,28,8,11,6,30,0,3,4,18,12,13,2,1,0,2,9,20,77,3,16,9,1,0,2,0,0,2,17,4,9,8,2,1,,,,,,,,,,,,,,,
15/02/2001,1155,14,34,16,46,72,50,119,120,13,23,32,4,13,6,45,15,1,3,2,19,15,53,10,2,0,1,8,1,12,8,3,4,0,3,1,1,4,3,20,0,1,20,13,10,10,25,5,2,10,24,9,13,1,3,4,5,7,16,79,2,22,14,16,0,0,0,1,7,24,4,3,6,0,3,,,,,,,,,,,,,,,
15/03/2001,1400,34,39,11,54,37,63,74,189,15,20,23,4,15,10,46,19,4,3,0,18,20,74,90,9,0,1,6,0,16,5,7,10,0,2,5,6,2,10,22,3,4,27,10,8,16,34,9,1,7,26,10,20,5,3,2,3,9,26,70,4,34,20,9,1,3,2,1,6,38,9,4,10,0,3,,,,,,,,,,,,,,,
15/04/2001,1179,27,44,13,28,55,53,66,158,10,11,27,2,14,11,44,13,3,2,1,21,25,59,11,2,1,3,2,0,13,11,3,7,1,5,3,3,0,9,22,2,9,34,12,9,9,27,6,2,0,32,12,22,2,1,3,1,9,20,79,3,15,5,12,2,4,0,3,6,27,4,4,14,1,5,,,,,,,,,,,,,,,
15/05/2001,1349,24,40,10,48,57,59,80,146,10,28,32,6,23,9,53,20,2,3,5,24,16,66,15,3,0,1,5,1,19,11,7,13,0,2,5,4,0,6,29,2,12,29,8,4,7,32,4,5,3,34,13,17,0,2,5,6,8,26,97,9,41,8,9,3,1,0,4,5,30,17,3,13,3,7,,,,,,,,,,,,,,,
15/06/2001,1262,19,32,8,59,43,65,90,211,5,18,23,5,24,6,28,13,1,0,1,15,17,65,14,6,1,3,6,0,26,8,1,5,0,2,2,2,0,8,22,0,10,28,9,3,12,28,4,0,3,16,24,17,9,2,0,3,6,25,87,5,26,12,8,1,0,0,4,1,36,18,3,3,2,3,,,,,,,,,,,,,,,
15/07/2001,1311,24,36,8,63,66,59,77,148,12,12,26,8,29,7,40,17,1,2,2,18,21,73,13,3,0,7,6,0,19,9,5,11,0,0,0,3,1,5,14,1,13,27,7,15,15,40,8,5,5,35,21,23,0,1,2,4,7,29,89,4,18,15,2,1,2,0,6,10,35,11,0,9,1,5,,,,,,,,,,,,,,,
15/08/2001,1412,18,40,7,74,54,55,74,154,11,29,46,1,20,6,42,21,1,1,1,16,12,82,18,6,0,1,3,1,22,10,5,15,0,3,2,5,2,8,21,3,16,35,9,9,9,33,4,2,10,36,15,29,2,4,2,9,4,28,119,4,37,8,12,1,1,0,5,8,35,16,2,13,2,3,,,,,,,,,,,,,,,
15/09/2001,1378,22,37,8,53,85,102,58,149,18,28,31,3,26,2,38,23,1,1,0,32,28,63,13,5,0,3,6,0,15,11,4,7,0,3,0,5,0,6,20,3,7,40,9,9,13,32,8,2,4,38,11,24,0,6,5,2,11,20,101,2,29,12,2,3,0,0,5,9,41,10,2,4,2,6,,,,,,,,,,,,,,,
15/10/2001,1511,24,40,7,66,75,111,116,166,8,28,33,4,29,10,45,16,3,0,3,18,25,74,17,4,0,0,10,2,18,9,6,17,0,3,3,2,2,4,19,2,8,32,11,6,10,26,12,2,7,45,21,22,2,4,1,0,9,18,116,3,36,9,11,1,1,0,4,9,42,11,4,2,2,5,,,,,,,,,,,,,,,
15/11/2001,1492,20,51,8,64,80,87,131,137,16,26,32,4,13,7,50,17,0,2,5,30,24,67,15,6,0,3,7,1,28,12,4,8,3,3,2,3,1,13,24,3,14,36,9,5,14,25,10,3,4,39,20,17,3,1,1,5,8,32,98,5,27,5,12,1,0,1,4,15,41,18,4,6,0,2,,,,,,,,,,,,,,,
15/12/2001,1223,18,24,10,55,64,94,78,146,12,34,24,4,21,6,29,15,2,2,1,14,24,42,13,8,0,1,1,0,14,12,3,15,1,2,5,1,1,11,18,2,7,17,7,7,2,25,4,4,5,20,17,22,2,7,6,2,9,21,85,2,33,10,5,2,0,0,5,13,32,10,0,4,3,8,,,,,,,,,,,,,,,
15/01/2002,1270,26,35,3,57,83,62,62,150,5,24,33,5,20,7,30,10,2,0,4,22,14,61,9,2,0,1,3,0,19,7,3,17,0,3,2,5,2,5,12,4,3,25,6,8,15,26,4,6,3,40,20,21,2,6,3,1,10,20,104,6,28,10,16,0,3,0,2,5,41,6,6,9,2,4,,,,,,,,,,,,,,,
15/02/2002,1274,17,40,5,72,68,72,66,127,28,30,32,5,15,7,45,21,4,3,2,14,22,65,6,6,0,2,5,0,17,4,3,16,3,0,1,5,0,6,24,2,4,22,4,8,9,29,3,3,4,22,11,21,5,2,4,6,5,17,98,3,26,16,12,1,2,0,3,8,35,13,4,6,2,6,,,,,,,,,,,,,,,
15/03/2002,1576,19,29,17,74,81,113,82,263,23,30,29,5,23,5,44,17,3,0,4,14,24,88,12,8,0,5,7,0,18,11,7,16,0,2,1,4,1,5,22,4,12,17,7,7,8,10,5,2,4,37,17,19,2,1,2,1,3,32,102,2,34,14,10,1,3,0,3,18,52,15,3,10,3,10,,,,,,,,,,,,,,,
15/04/2002,1566,28,34,10,84,94,103,68,157,14,37,30,11,24,14,39,28,5,3,1,29,30,94,17,6,0,4,2,1,30,17,5,18,1,0,2,3,0,7,28,5,10,43,9,15,9,18,3,6,3,45,18,23,2,4,3,4,8,22,96,3,31,6,5,0,0,0,5,11,45,9,9,9,2,7,,,,,,,,,,,,,,,
15/05/2002,1733,28,52,11,91,122,102,103,173,25,34,25,6,16,14,58,24,3,0,1,19,16,85,22,6,0,3,9,1,22,21,4,22,1,6,3,6,0,4,32,4,16,26,10,11,6,26,3,0,4,34,23,30,1,4,2,1,11,26,127,4,49,15,9,1,1,0,6,11,60,15,1,16,1,9,,,,,,,,,,,,,,,
15/06/2002,1481,19,29,5,69,97,92,97,169,33,24,31,3,16,7,47,13,1,1,0,16,18,94,18,6,0,1,3,2,26,13,0,14,0,2,3,2,0,5,15,1,10,32,8,11,6,21,1,7,3,43,15,20,0,3,3,4,7,25,107,4,34,17,11,2,1,0,1,15,49,13,1,9,1,5,,,,,,,,,,,,,,,
15/07/2002,1831,26,54,6,131,83,83,115,223,39,36,31,4,22,9,72,16,2,2,2,23,18,103,13,6,0,1,9,1,31,11,6,14,1,3,1,4,1,8,30,1,6,33,18,10,12,28,7,1,4,45,28,26,0,1,1,3,11,26,162,4,49,15,12,3,0,0,3,8,35,17,3,6,2,11,,,,,,,,,,,,,,,
15/08/2002,1703,26,49,10,93,70,89,95,167,25,39,33,6,13,3,72,29,2,2,3,32,14,96,13,11,2,0,8,1,17,21,2,12,2,1,0,4,2,7,23,1,8,30,14,10,10,39,8,3,3,47,23,43,0,2,2,5,11,29,169,0,32,9,13,0,1,0,4,15,26,17,7,13,3,12,,,,,,,,,,,,,,,
15/09/2002,1670,19,44,12,84,84,62,89,159,33,34,33,4,12,14,76,30,2,2,2,28,31,109,13,2,0,4,6,1,28,8,4,17,1,2,1,0,3,5,24,1,10,36,4,14,6,27,5,4,6,48,23,24,2,3,4,3,8,39,125,7,44,12,10,2,0,0,4,22,45,20,8,11,1,10,,,,,,,,,,,,,,,
15/10/2002,1696,20,48,17,90,86,69,74,192,25,35,31,5,19,7,66,32,2,0,0,31,29,108,20,5,0,5,10,0,15,12,2,24,0,3,1,4,3,10,23,0,10,25,8,9,15,41,6,2,0,46,24,27,0,0,2,2,8,28,141,5,39,15,5,4,0,0,6,21,30,14,3,15,3,19,,,,,,,,,,,,,,,
15/11/2002,1642,22,45,12,81,81,84,108,154,10,49,35,3,23,6,53,25,4,2,5,28,24,80,13,5,0,3,8,1,30,10,3,16,1,5,5,4,3,9,27,2,10,29,6,6,6,21,7,1,4,43,26,24,1,5,1,11,8,34,124,5,42,11,11,1,4,0,7,22,50,18,2,11,3,9,,,,,,,,,,,,,,,
15/12/2002,1698,31,53,8,85,91,75,172,173,15,36,35,7,10,10,53,12,3,4,3,22,24,98,12,7,0,1,4,1,19,12,4,22,1,3,1,2,3,6,18,4,8,24,8,8,5,38,11,5,3,43,16,31,1,4,8,2,3,39,124,4,39,19,7,1,1,0,3,19,43,17,5,13,3,3,,,,,,,,,,,,,,,
15/01/2003,1528,20,44,3,73,64,122,58,151,26,43,27,5,17,8,59,25,2,0,3,18,14,84,8,2,0,2,5,0,29,8,3,19,2,4,0,3,0,7,22,1,11,31,11,5,14,34,5,2,2,43,24,21,2,5,4,2,5,24,154,2,46,9,4,1,3,0,4,15,30,17,5,5,1,6,,,,,,,,,,,,,,,
15/02/2003,1517,21,41,17,81,95,70,71,137,19,30,23,6,18,7,56,16,1,4,3,27,17,76,15,2,0,1,8,0,28,19,3,11,1,3,4,5,1,7,21,3,12,26,6,8,6,21,9,2,2,42,21,23,3,4,4,0,6,23,158,7,31,17,8,8,1,0,6,12,45,13,2,12,1,10,,,,,,,,,,,,,,,
15/03/2003,1753,26,54,13,88,74,74,69,148,32,34,31,6,20,15,82,21,4,3,1,24,31,128,20,7,0,1,9,1,34,20,5,19,1,5,5,3,2,6,24,5,14,39,12,8,8,29,9,3,8,46,22,32,3,7,3,4,12,26,155,4,34,14,8,2,1,0,6,20,42,13,5,12,2,5,,,,,,,,,,,,,,,
15/04/2003,1591,22,42,15,96,85,68,69,111,21,43,37,3,22,4,78,20,2,2,1,24,21,94,18,8,0,3,4,1,23,21,2,17,1,3,1,5,2,1,25,4,8,26,12,7,9,37,0,0,5,43,19,32,5,4,4,1,13,31,164,5,24,12,5,1,1,0,4,15,41,18,3,11,2,10,,,,,,,,,,,,,,,
15/05/2003,1935,30,53,9,109,74,66,72,140,31,58,41,4,25,12,87,25,3,3,1,19,38,111,15,11,0,3,4,0,27,15,6,18,2,2,1,5,4,5,16,3,9,30,12,12,17,50,9,4,5,41,34,50,1,6,3,3,5,40,212,8,57,17,9,2,0,0,6,17,57,45,1,12,3,10,,,,,,,,,,,,,,,
15/06/2003,1868,44,59,11,93,60,93,86,163,21,50,44,3,16,6,82,26,2,1,0,29,21,141,16,7,0,3,5,2,27,16,1,24,1,4,1,8,3,6,21,3,8,26,10,15,13,27,6,2,5,54,22,27,5,5,5,5,12,36,192,6,31,14,16,3,4,0,6,13,62,16,1,16,3,3,,,,,,,,,,,,,,,
15/07/2003,2036,44,49,13,98,68,85,72,241,38,53,40,14,19,9,123,20,2,3,2,17,34,82,26,14,0,2,9,0,48,15,0,25,0,2,6,8,4,9,13,3,10,44,7,7,13,30,4,6,4,55,28,34,7,5,5,9,6,61,183,3,46,21,12,1,1,1,3,16,50,22,3,12,2,15,,,,,,,,,,,,,,,
15/08/2003,2083,25,68,13,94,70,158,79,293,18,46,44,7,39,5,75,21,2,1,2,21,31,134,17,7,1,5,11,0,25,13,2,25,2,6,2,6,1,9,28,1,16,31,10,11,18,34,6,3,5,40,15,48,1,3,7,10,6,28,177,7,56,11,9,4,4,1,3,14,46,26,5,10,1,10,,,,,,,,,,,,,,,
15/09/2003,2113,33,53,18,120,72,134,69,199,17,51,58,3,32,7,126,37,1,1,2,25,49,112,19,17,0,1,5,2,32,19,5,19,1,5,2,9,3,5,27,3,15,36,6,6,11,28,1,8,8,51,39,35,3,2,4,6,14,53,173,8,59,19,14,5,2,0,6,19,43,23,4,10,2,7,,,,,,,,,,,,,,,
15/10/2003,2099,37,65,14,76,74,89,60,202,23,67,66,8,36,14,93,23,0,0,3,28,40,138,16,8,0,1,8,2,28,26,2,32,1,4,2,3,3,5,37,2,8,26,5,11,15,39,9,4,5,51,29,37,3,3,6,6,10,43,190,9,46,16,15,4,1,0,9,21,79,31,5,17,2,8,,,,,,,,,,,,,,,
15/11/2003,1987,36,47,18,89,77,76,82,146,23,47,38,9,36,11,108,22,5,1,2,25,36,111,29,15,1,1,3,1,47,15,0,19,3,1,2,6,9,16,46,3,9,33,7,11,15,67,10,3,7,46,21,33,1,7,4,2,11,30,161,7,50,16,18,5,3,0,6,21,67,27,4,10,4,9,,,,,,,,,,,,,,,
15/12/2003,1904,22,62,10,118,110,57,77,161,31,43,30,6,25,7,86,34,5,2,2,45,28,82,17,13,0,5,9,4,19,12,2,32,0,3,7,11,1,7,33,8,12,41,9,18,6,33,19,5,6,31,28,34,1,2,4,7,23,58,134,9,27,12,32,2,1,0,8,17,41,30,3,12,7,6,,,,,,,,,,,,,,,
15/01/2004,1719,39,49,4,94,46,70,80,194,19,56,25,9,24,19,48,31,2,0,1,31,29,107,14,6,0,0,4,0,34,12,3,29,4,3,2,11,0,4,24,2,13,35,11,10,12,18,13,6,3,26,30,27,4,7,1,4,2,41,126,8,33,7,5,1,2,0,5,25,61,31,3,16,0,4,,,,,,,,,,,,,,,
15/02/2004,1718,24,42,13,91,68,72,54,105,25,82,35,9,36,10,94,33,2,3,0,22,26,81,16,7,0,2,6,1,21,13,5,18,4,4,7,5,2,6,35,1,7,33,1,5,9,34,13,3,2,34,23,30,5,4,3,8,8,47,159,9,38,14,22,1,3,0,7,20,48,26,3,8,0,11,,,,,,,,,,,,,,,
15/03/2004,2237,39,67,22,125,78,105,94,216,21,95,36,8,39,9,94,36,3,2,1,55,30,135,21,16,1,3,4,2,37,13,5,21,1,2,3,10,3,4,50,2,15,33,13,9,12,28,11,9,9,40,39,30,4,2,4,4,18,50,159,8,51,9,14,4,3,0,14,21,52,22,10,15,7,10,,,,,,,,,,,,,,,
15/04/2004,1690,31,67,18,74,53,53,67,138,24,58,40,11,10,12,78,41,3,4,1,20,27,95,9,15,0,4,4,0,37,17,11,30,2,5,4,4,1,8,19,5,9,38,11,14,5,25,8,1,3,33,19,35,4,5,9,8,7,27,155,4,44,12,9,7,3,0,8,10,32,19,5,7,0,14,,,,,,,,,,,,,,,
15/05/2004,1992,40,52,15,118,81,79,50,143,24,85,30,6,34,4,92,23,2,1,7,28,43,105,17,8,0,3,19,1,34,12,9,30,5,7,2,8,1,11,42,3,17,44,12,13,6,29,11,5,6,27,23,42,2,9,2,7,13,31,150,7,76,14,19,4,5,1,3,21,50,30,8,11,2,18,,,,,,,,,,,,,,,
15/06/2004,2209,43,58,13,60,142,57,94,146,28,56,31,10,26,11,77,35,6,6,0,28,40,362,16,17,0,4,6,0,22,16,10,26,4,3,2,7,4,9,39,2,14,43,10,19,9,38,8,0,4,35,22,31,1,4,3,7,10,57,156,7,57,9,22,6,2,0,8,15,33,31,7,10,1,14,,,,,,,,,,,,,,,
15/07/2004,1815,40,64,9,102,69,55,61,130,33,63,43,6,31,15,83,24,3,2,0,12,34,84,17,13,0,0,9,0,7,19,7,27,0,7,4,5,1,7,23,3,7,24,12,14,9,38,9,8,8,30,17,31,5,8,3,4,16,39,190,13,66,15,16,4,2,0,7,21,36,23,2,14,4,8,,,,,,,,,,,,,,,
15/08/2004,1713,36,53,16,65,66,53,103,119,18,50,41,7,39,12,76,20,4,1,2,16,34,54,15,15,1,1,6,4,45,19,4,30,2,6,3,7,1,15,30,3,8,35,2,11,11,22,14,5,6,31,14,36,7,3,7,5,4,57,159,6,38,12,12,3,1,0,8,15,32,25,4,9,2,17,,,,,,,,,,,,,,,
15/09/2004,1792,43,55,15,69,60,71,72,133,34,52,39,16,38,9,54,39,2,3,1,28,45,62,18,11,1,5,6,0,27,16,8,23,2,6,2,12,4,11,25,2,14,32,7,17,17,39,10,4,4,36,10,33,3,6,6,9,12,64,143,10,42,21,17,3,1,0,7,20,34,27,4,7,1,13,,,,,,,,,,,,,,,
15/10/2004,1641,39,40,10,109,45,70,49,90,21,47,40,8,23,13,48,18,2,0,2,36,27,95,15,11,0,3,9,3,10,13,6,28,5,5,2,11,2,11,34,0,10,20,5,13,8,32,18,5,10,27,9,48,0,1,3,8,14,40,164,13,38,13,13,8,0,0,4,26,46,24,4,11,0,6,,,,,,,,,,,,,,,
15/11/2004,1790,36,73,17,105,79,35,82,165,6,53,49,8,30,13,69,26,5,2,4,24,37,80,18,14,0,4,4,1,25,17,7,15,0,4,3,12,3,10,29,7,11,27,13,18,14,33,11,3,6,27,8,23,3,3,2,5,15,46,149,9,36,13,14,6,3,0,9,14,48,23,5,12,3,7,,,,,,,,,,,,,,,
15/12/2004,1626,39,67,8,88,79,45,55,120,12,34,29,11,23,10,38,43,2,4,0,29,40,79,16,10,0,3,14,0,16,15,4,18,1,6,9,8,4,13,37,3,7,37,13,20,19,26,10,6,4,15,25,27,3,9,9,7,15,36,118,4,38,20,10,10,4,0,3,16,34,14,6,8,12,9,,,,,,,,,,,,,,,
15/01/2005,1391,32,45,2,87,31,45,73,123,17,42,43,10,15,13,29,24,2,2,0,13,29,68,17,20,1,1,5,0,17,12,4,29,3,6,6,12,0,8,28,2,9,19,11,9,9,21,3,2,2,14,6,26,3,5,4,1,8,44,86,4,49,13,21,3,3,0,6,11,41,24,1,10,0,7,,,,,,,,,,,,,,,
15/02/2005,1560,20,48,17,74,51,62,62,132,27,46,33,4,35,9,48,29,4,4,2,13,16,101,20,12,0,0,6,0,24,16,3,27,0,5,4,4,3,16,39,5,12,27,13,11,1,19,5,2,4,20,10,26,3,8,11,6,9,33,89,5,82,29,14,5,4,0,8,11,28,21,7,9,2,5,,,,,,,,,,,,,,,
15/03/2005,1904,42,49,26,105,72,71,47,113,34,70,41,16,38,11,66,45,5,3,3,16,25,101,23,8,1,1,4,1,28,15,3,43,5,5,3,13,5,8,26,2,17,37,10,9,15,38,9,2,9,23,29,23,6,3,6,4,7,47,202,8,63,12,23,11,2,0,7,7,31,18,10,12,1,10,,,,,,,,,,,,,,,
15/04/2005,1302,32,29,9,54,51,36,56,84,10,29,38,11,26,4,54,20,1,1,1,22,36,60,20,14,0,1,9,1,29,17,10,11,5,4,11,6,1,14,36,0,2,28,0,9,4,11,11,6,2,24,11,51,4,4,1,9,15,41,82,6,11,9,8,0,3,1,7,9,21,28,6,7,6,12,,,,,,,,,,,,,,,
15/05/2005,1639,23,57,12,134,57,31,51,102,17,46,5,10,40,5,39,29,2,4,1,23,30,95,19,10,0,4,12,0,32,22,5,29,4,6,5,10,2,15,45,2,10,27,2,17,15,26,7,1,2,23,16,44,4,7,5,2,11,50,111,9,30,21,17,2,2,0,4,18,35,46,9,14,1,16,,,,,,,,,,,,,,,
15/06/2005,1594,31,70,18,116,68,67,39,101,14,22,28,17,29,10,71,30,2,2,0,16,31,83,23,8,0,0,8,1,22,23,5,25,2,6,4,14,0,9,32,1,12,32,5,15,2,17,7,5,4,24,14,53,3,4,3,4,6,35,128,3,34,10,12,5,2,0,8,13,42,24,3,9,1,7,,,,,,,,,,,,,,,
15/07/2005,1440,25,80,14,17,47,34,41,104,27,29,21,6,27,5,83,35,6,2,4,22,16,72,21,17,0,1,7,0,24,19,4,35,1,4,1,7,3,15,31,3,10,26,10,16,4,28,11,3,6,23,12,30,2,5,2,1,6,38,122,4,44,11,14,1,2,0,7,18,22,34,4,7,0,7,,,,,,,,,,,,,,,
15/08/2005,1796,40,59,17,90,71,72,70,150,39,41,29,15,30,19,66,31,6,1,0,13,37,84,12,14,2,3,10,3,30,14,12,27,2,6,4,8,2,6,25,4,4,23,13,21,3,24,5,5,5,20,10,41,1,10,6,4,30,51,116,7,81,10,14,7,3,0,11,17,35,28,7,10,5,5,,,,,,,,,,,,,,,
15/09/2005,1815,39,66,20,62,54,83,52,172,27,50,33,12,44,12,63,36,6,5,3,14,25,98,26,7,1,1,9,2,18,28,7,31,1,6,6,5,4,23,34,4,16,34,8,19,9,25,8,5,4,33,25,24,3,11,12,2,17,39,111,6,52,17,10,3,3,0,9,30,36,24,10,13,2,6,,,,,,,,,,,,,,,
15/10/2005,1516,35,48,8,84,61,48,61,76,28,40,33,7,32,7,77,24,2,0,0,11,25,87,26,3,0,0,10,0,29,12,1,19,1,5,4,7,3,12,21,4,14,28,10,26,5,28,6,3,4,22,16,26,3,5,3,3,19,30,115,5,46,11,27,6,3,0,4,12,33,23,6,12,3,8,,,,,,,,,,,,,,,
15/11/2005,1835,24,65,13,69,56,46,46,117,40,55,46,3,39,9,59,32,7,5,4,37,23,123,34,2,1,0,9,1,41,23,8,47,3,5,3,11,2,14,23,5,13,31,12,29,13,27,8,5,6,18,30,43,4,8,4,7,15,41,97,7,51,13,27,6,6,1,17,25,52,38,4,8,4,15,,,,,,,,,,,,,,,
15/12/2005,1598,34,82,20,31,89,42,49,107,28,50,18,6,30,10,40,37,7,3,3,15,39,59,24,4,0,0,11,4,43,16,8,27,2,3,2,10,1,9,27,4,6,35,7,13,10,28,11,4,9,14,21,44,5,8,13,7,8,44,110,5,49,12,18,4,3,0,7,18,34,28,5,11,2,11,,,,,,,,,,,,,,,
15/01/2006,1389,25,55,9,27,53,47,40,111,8,34,37,7,40,16,33,30,3,2,4,20,26,77,14,9,2,2,4,0,42,11,7,31,4,7,2,9,3,8,38,3,9,24,11,22,8,17,9,3,1,16,13,24,4,1,3,4,10,47,84,1,39,17,8,5,0,1,8,13,31,26,3,13,0,14,,,,,,,,,,,,,,,
15/02/2006,1569,29,65,9,46,79,40,58,88,25,50,28,7,29,24,38,36,6,3,3,22,24,69,18,2,0,0,6,0,36,13,3,31,2,9,2,8,0,17,33,4,16,20,18,28,13,29,9,3,2,19,18,37,1,5,1,2,8,45,121,4,60,15,14,6,0,0,4,15,23,46,3,9,4,9,,,,,,,,,,,,,,,
15/03/2006,1832,41,62,13,65,106,73,63,89,56,53,34,12,43,32,42,50,2,6,0,16,22,85,21,9,1,1,11,0,25,18,5,40,2,7,5,18,2,19,29,5,19,29,18,7,13,27,8,8,4,23,20,27,1,4,7,8,8,50,131,,74,23,16,4,2,1,8,15,33,23,11,16,4,7,,,,,,,,,,,,,,,
15/04/2006,1203,27,34,9,22,67,31,35,69,15,37,28,11,32,20,23,38,2,1,1,11,26,52,18,2,1,3,6,2,8,8,4,30,0,2,1,6,2,8,17,1,10,18,12,14,12,13,6,4,2,15,24,19,3,4,4,4,4,38,123,,48,14,8,10,3,0,8,7,27,10,9,12,3,5,,,,,,,,,,,,,,,
15/05/2006,1874,30,58,14,53,74,61,71,128,21,57,46,5,36,18,57,40,8,2,4,23,30,87,17,6,1,2,9,0,26,25,7,44,2,12,4,11,3,19,46,1,12,31,21,15,11,25,21,12,8,24,15,40,5,10,12,8,10,42,134,,92,20,21,3,3,0,8,20,31,26,9,12,9,6,,,,,,,,,,,,,,,
15/06/2006,1593,20,49,22,59,47,52,65,93,17,59,35,11,24,15,80,35,6,8,0,16,28,108,13,3,1,2,9,3,13,8,6,49,2,5,3,15,1,6,28,5,15,30,13,12,8,22,12,3,12,24,16,18,2,7,3,3,7,27,103,,81,8,16,7,3,0,8,19,22,36,5,17,1,12,,,,,,,,,,,,,,,
15/07/2006,1621,31,41,21,62,57,49,55,121,22,53,43,13,28,34,42,32,7,5,1,30,23,130,15,6,0,1,4,0,23,23,12,29,5,6,8,11,6,16,27,8,17,24,19,12,7,25,7,9,2,17,11,32,3,4,12,7,4,29,108,,51,10,6,4,1,2,8,19,18,24,8,9,0,12,,,,,,,,,,,,,,,
15/08/2006,1973,33,60,20,69,56,82,74,179,10,66,25,14,30,18,67,29,7,3,2,18,42,147,13,9,0,7,9,0,28,28,8,38,1,8,10,10,4,11,24,2,22,41,39,6,14,25,12,7,8,28,23,48,4,11,8,4,13,30,104,,69,30,8,7,5,0,9,12,49,37,9,9,5,16,,,,,,,,,,,,,,,
15/09/2006,1844,47,61,12,76,62,71,68,115,4,51,43,15,40,23,82,26,8,4,1,25,26,50,22,11,0,1,13,0,31,22,2,36,5,6,0,14,2,15,52,3,14,28,20,18,11,29,12,6,5,31,29,32,7,8,11,11,8,44,135,,76,16,12,3,1,0,7,16,49,20,5,17,5,13,,,,,,,,,,,,,,,
15/10/2006,1753,18,70,14,58,59,57,52,148,8,58,31,9,43,18,73,41,15,8,2,22,39,57,20,7,1,3,9,2,40,17,20,32,3,5,2,15,2,14,26,5,14,26,24,12,6,23,9,8,6,31,23,27,2,7,8,3,8,32,106,,74,19,17,5,4,0,13,21,34,33,8,14,1,12,,,,,,,,,,,,,,,
15/11/2006,1797,40,96,18,59,83,32,56,116,12,41,29,5,36,22,69,44,3,3,3,31,31,48,22,11,0,4,7,0,42,27,12,47,3,4,2,12,3,20,35,3,10,42,25,18,7,32,8,10,8,24,23,39,9,13,7,3,6,25,82,,80,19,15,8,3,0,14,24,39,39,0,16,3,15,,,,,,,,,,,,,,,
15/12/2006,1548,34,67,16,58,56,21,65,113,7,53,19,16,31,23,48,34,6,10,1,27,18,60,8,8,1,3,14,1,23,14,6,29,1,5,4,11,3,15,28,0,14,21,20,14,13,28,4,6,7,30,13,27,1,4,6,7,4,44,95,,78,18,8,4,5,0,7,20,32,25,4,14,4,14,,,,,,,,,,,,,,,
15/01/2007,1475,33,51,17,42,66,41,49,73,2,55,18,25,44,8,39,33,1,1,2,26,36,72,23,5,1,2,10,1,22,21,1,28,2,14,10,6,3,6,29,2,33,18,19,7,5,22,14,3,5,14,21,26,5,4,11,9,8,39,61,,58,12,9,9,3,0,8,20,67,28,2,5,1,9,,,,,,,,,,,,,,,
15/02/2007,1590,22,55,16,52,66,66,74,77,17,49,36,12,37,24,57,27,2,6,4,19,19,60,15,6,0,1,9,0,29,23,5,30,4,7,6,10,2,16,9,6,12,19,24,14,2,16,6,5,9,19,24,37,6,2,6,4,14,38,123,,70,22,9,4,8,0,5,22,43,18,7,10,5,12,,,,,,,,,,,,,,,
15/03/2007,1811,34,50,17,64,74,56,53,90,6,60,38,7,44,23,73,44,4,10,0,28,32,68,13,8,2,1,8,1,29,25,3,36,5,7,12,15,3,17,21,4,20,32,20,15,9,22,16,9,5,26,28,49,4,10,12,0,12,46,147,,65,25,14,3,1,0,6,26,50,14,5,20,5,10,,,,,,,,,,,,,,,
15/04/2007,1380,34,52,14,41,46,42,48,46,15,37,22,8,34,17,64,33,3,2,1,13,30,42,14,4,1,3,6,1,21,17,4,28,4,5,6,7,3,17,16,4,23,21,25,18,9,20,7,6,12,13,28,36,7,5,8,1,4,33,93,,51,25,8,7,0,0,8,14,31,24,3,9,3,23,,,,,,,,,,,,,,,
15/05/2007,1943,23,56,14,57,62,41,57,122,9,57,33,9,38,19,95,47,1,9,3,43,38,97,21,17,2,2,14,1,35,32,12,33,5,9,10,12,7,14,23,3,14,27,24,37,11,30,14,11,3,38,43,53,2,5,10,12,8,54,114,,63,27,14,6,4,0,10,30,38,23,3,17,1,15,,,,,,,,,,,,,,,
15/06/2007,1795,35,47,12,56,62,53,41,74,9,74,34,7,37,16,69,31,7,4,6,32,38,83,31,9,0,4,10,0,36,23,8,41,3,5,6,11,3,26,23,3,23,18,27,32,12,31,5,18,12,27,38,29,4,9,15,5,17,52,111,,56,18,10,8,0,0,7,19,46,38,3,10,3,23,,,,,,,,,,,,,,,
15/07/2007,1754,29,50,13,51,58,30,46,94,7,83,39,9,37,20,57,48,6,4,2,35,26,75,19,7,3,0,19,0,30,29,7,30,3,10,4,19,5,10,3,4,27,21,19,24,7,20,19,9,3,30,34,41,1,5,5,6,18,62,116,,66,30,15,1,5,0,8,22,50,31,5,8,9,16,,,,,,,,,,,,,,,
15/08/2007,1995,45,85,14,49,114,59,58,110,15,77,18,13,26,22,79,49,7,2,3,27,36,86,14,1,3,2,12,1,40,22,8,49,4,9,1,26,3,11,34,7,21,23,30,39,8,22,16,16,6,25,23,32,4,1,6,8,2,49,123,,91,21,24,1,3,0,14,33,30,47,9,8,7,12,,,,,,,,,,,,,,,
15/09/2007,1634,31,50,19,57,70,29,70,86,4,51,29,7,35,17,75,39,5,8,1,19,31,59,19,7,0,3,10,1,32,11,4,28,2,14,6,12,4,15,19,3,26,19,13,28,12,27,11,16,9,16,9,31,3,3,3,14,8,51,99,,85,15,22,2,1,0,14,24,30,26,9,9,5,12,,,,,,,,,,,,,,,
15/10/2007,1758,37,42,17,69,54,63,73,119,9,64,27,14,27,11,44,36,4,5,4,15,18,96,17,8,1,2,19,0,30,22,9,35,8,7,3,11,3,31,28,5,20,39,30,10,17,25,12,9,8,16,24,29,3,8,13,5,10,42,133,,45,26,13,6,2,0,14,14,27,26,4,8,1,32,,,,,,,,,,,,,,,
15/11/2007,1841,28,73,16,55,97,51,66,85,19,46,25,11,33,21,88,30,6,21,3,34,24,79,18,7,0,4,15,2,31,27,8,30,8,7,4,12,7,16,37,3,33,23,17,13,9,23,15,9,4,17,35,53,5,3,5,8,11,36,112,,42,33,19,5,4,0,7,25,47,33,11,16,8,13,,,,,,,,,,,,,,,
15/12/2007,1306,30,53,8,69,52,36,61,58,13,33,19,7,34,17,48,22,4,5,2,21,24,37,23,3,0,1,8,0,23,17,9,34,8,4,3,3,6,15,20,3,16,17,10,9,9,21,10,12,5,10,11,37,3,8,4,3,11,24,67,,38,10,14,2,2,1,7,25,32,21,10,10,3,11,,,,,,,,,,,,,,,
15/01/2008,1364,22,40,10,53,36,46,47,61,12,29,18,6,19,14,46,23,7,6,2,21,31,72,22,6,0,1,9,0,18,20,4,32,3,7,6,15,1,10,12,1,7,23,15,7,9,26,8,9,3,11,31,25,4,10,7,6,14,63,69,,46,18,14,6,4,0,11,33,31,20,6,15,1,24,,,,,,,,,,,,,,,
15/02/2008,1520,27,50,12,71,42,74,79,72,10,46,31,16,42,11,40,28,2,8,2,10,24,60,14,5,1,6,9,1,28,22,6,24,3,5,7,4,1,15,18,6,17,20,24,12,9,21,10,3,8,12,27,40,3,4,2,7,15,35,58,,71,25,17,11,6,1,7,14,22,20,10,18,7,32,,,,,,,,,,,,,,,
15/03/2008,1342,19,44,17,62,44,45,61,65,9,23,27,11,31,22,36,20,8,5,2,15,19,48,14,10,2,3,16,2,19,15,8,20,3,5,5,11,4,12,32,1,15,20,10,5,7,19,17,4,8,23,19,32,6,7,4,8,11,42,51,,43,21,13,7,4,0,6,18,42,42,2,9,3,9,,,,,,,,,,,,,,,
15/04/2008,1396,21,52,16,74,34,20,50,60,22,37,24,17,32,24,36,34,10,8,6,14,21,38,14,6,0,2,14,0,23,12,7,42,6,7,5,11,6,11,17,4,6,17,19,17,15,12,8,7,6,28,28,32,1,5,9,9,4,39,82,,59,24,9,3,5,0,8,27,26,22,9,5,2,16,,,,,,,,,,,,,,,
15/05/2008,1364,28,48,25,54,37,30,26,53,23,25,38,11,37,31,31,29,8,8,1,15,25,53,6,3,0,0,5,2,24,13,2,37,2,6,17,17,4,9,12,1,12,10,11,14,7,25,12,4,7,36,27,31,4,6,5,3,6,44,81,,51,19,12,7,2,0,6,16,35,19,9,18,7,22,,,,,,,,,,,,,,,
15/06/2008,1097,21,50,10,47,36,28,30,46,15,23,17,10,24,21,34,10,7,1,2,18,18,41,11,8,1,3,7,0,19,13,7,29,4,9,2,8,4,7,11,3,5,14,7,8,10,15,4,4,5,28,22,24,3,4,6,10,17,24,63,,46,9,14,1,7,0,9,12,27,12,9,8,0,15,,,,,,,,,,,,,,,
15/07/2008,1156,34,32,10,45,23,35,38,35,7,33,22,12,32,15,30,24,4,1,4,16,31,51,11,7,1,4,12,1,19,21,5,20,0,11,2,17,2,14,22,3,13,29,10,16,11,15,2,4,1,20,21,14,0,6,10,9,6,35,65,,30,13,19,3,5,0,6,18,22,14,8,11,5,9,,,,,,,,,,,,,,,
15/08/2008,1022,17,37,8,43,15,28,53,35,7,23,22,13,22,11,17,20,4,4,3,26,25,31,13,4,0,2,7,1,15,9,7,22,1,9,2,8,3,6,8,3,2,10,6,3,13,37,2,3,6,13,13,31,2,2,8,6,9,28,74,,35,13,9,3,3,0,9,20,34,19,1,10,5,9,,,,,,,,,,,,,,,
15/09/2008,1095,37,70,12,36,14,21,50,52,10,26,28,5,15,13,40,25,3,14,2,18,18,40,11,8,0,1,14,0,12,19,4,23,5,6,0,10,1,7,6,5,7,12,17,14,10,6,9,2,1,24,22,16,3,2,5,2,9,26,67,,33,15,13,2,4,0,5,14,32,13,3,10,4,12,,,,,,,,,,,,,,,
15/10/2008,1000,19,22,22,43,29,20,29,36,10,11,34,6,32,18,24,17,3,22,3,9,23,37,12,4,0,2,8,4,10,11,1,13,4,4,5,1,3,10,15,2,6,10,16,3,4,13,5,2,5,27,17,21,3,4,2,8,5,27,57,,27,22,19,4,4,0,5,16,36,9,6,13,1,25,,,,,,,,,,,,,,,
15/11/2008,925,16,23,14,52,37,38,17,31,10,22,27,5,14,17,16,25,6,12,3,9,21,19,9,3,0,2,3,1,14,13,2,17,5,4,3,5,2,4,15,4,7,6,14,5,10,16,5,3,5,20,11,16,0,8,4,4,15,20,63,,28,12,12,6,1,0,5,15,27,13,7,12,0,15,,,,,,,,,,,,,,,
15/12/2008,898,11,18,10,28,30,27,57,15,10,19,14,7,12,7,24,14,1,10,3,20,18,31,9,7,0,1,5,0,11,10,4,15,4,10,3,5,1,6,13,1,5,12,6,2,9,15,8,5,7,19,14,21,3,10,11,5,8,18,64,,32,17,6,5,6,0,9,14,17,16,6,12,6,19,,,,,,,,,,,,,,,
15/01/2009,681,10,23,5,33,26,25,34,20,5,18,8,8,9,9,11,15,5,4,3,13,13,21,4,7,0,0,11,1,14,11,1,24,1,2,1,4,4,3,6,2,4,8,3,6,6,13,2,4,2,14,4,25,0,5,3,4,5,12,38,,9,10,10,1,1,0,7,10,24,12,2,9,1,13,,,,,,,,,,,,,,,
15/02/2009,755,18,47,5,24,21,15,27,25,11,21,13,4,8,12,15,15,3,12,6,18,9,14,8,8,0,3,4,2,9,10,5,20,6,2,0,2,0,7,4,2,3,6,13,8,4,16,5,2,8,14,7,19,2,1,6,4,5,18,48,,15,11,9,6,2,0,0,11,24,18,3,13,0,19,,,,,,,,,,,,,,,
15/03/2009,855,15,22,6,32,26,30,64,41,10,20,10,3,13,5,21,17,7,3,1,8,12,22,11,4,0,0,4,1,23,11,1,11,2,5,1,4,1,5,11,8,8,11,7,4,5,9,6,5,5,25,14,18,4,5,3,2,5,17,55,,24,15,15,2,2,0,7,14,24,18,5,11,2,17,,,,,,,,,,,,,,,
15/04/2009,722,11,30,6,37,17,22,34,19,6,12,10,8,13,7,15,21,3,1,0,8,14,24,10,5,1,0,4,0,15,18,1,16,2,4,1,1,1,7,18,1,5,10,11,7,6,17,4,4,3,18,8,15,3,5,2,4,7,24,43,,13,8,7,4,2,0,4,7,26,9,1,11,3,8,,,,,,,,,,,,,,,
15/05/2009,869,18,16,14,25,25,32,41,45,13,16,18,6,7,6,34,17,1,4,0,16,24,49,5,5,0,3,5,0,19,12,1,24,3,4,0,5,0,8,16,2,1,12,13,2,11,20,5,3,0,15,5,20,8,5,2,3,6,18,55,,22,9,6,3,2,0,6,15,21,12,5,10,3,12,,,,,,,,,,,,,,,
15/06/2009,865,7,21,11,18,28,22,28,29,24,14,14,2,15,13,25,22,1,1,0,17,14,45,10,4,0,2,8,1,32,15,2,24,2,4,0,1,3,3,24,2,5,8,12,3,8,20,7,2,6,19,13,33,0,2,4,3,5,23,60,,18,13,6,4,3,0,7,9,20,12,2,7,2,21,,,,,,,,,,,,,,,
15/07/2009,1025,13,25,11,33,33,25,33,41,26,13,18,4,20,8,53,20,4,0,2,9,27,36,2,13,0,2,4,1,25,16,5,26,1,8,1,6,1,7,17,5,5,7,17,4,5,31,4,2,5,17,9,23,5,9,3,5,5,28,72,,42,20,12,5,1,0,5,11,19,35,4,6,5,10,,,,,,,,,,,,,,,
15/08/2009,1028,17,24,12,25,30,32,35,37,11,24,18,8,14,6,47,23,5,4,0,18,17,40,10,6,0,2,8,1,16,13,4,27,3,14,2,8,1,7,20,3,8,10,13,11,10,17,8,13,0,22,14,21,3,3,4,5,4,36,76,,50,13,9,2,1,0,3,10,21,21,6,7,1,14,,,,,,,,,,,,,,,
15/09/2009,1167,9,41,13,38,50,40,35,47,30,14,20,9,20,10,50,22,1,1,2,16,16,45,11,5,0,0,3,2,23,17,5,35,3,7,1,5,2,10,29,2,9,11,16,11,6,17,4,4,3,24,16,25,0,4,6,2,5,32,109,,56,10,15,2,4,1,6,11,23,16,1,9,1,19,,,,,,,,,,,,,,,
15/10/2009,1163,23,31,13,34,45,35,39,61,12,15,28,3,19,10,52,36,2,4,0,20,21,50,11,5,0,3,2,1,21,17,2,36,3,6,6,12,3,7,24,1,12,13,12,8,10,16,5,4,3,27,22,23,3,4,3,4,4,33,84,,39,5,12,7,4,0,3,15,26,14,8,5,1,21,,,,,,,,,,,,,,,
15/11/2009,1304,18,54,9,49,46,46,54,45,23,25,17,7,32,12,50,30,3,0,2,11,12,48,16,8,0,4,5,0,41,33,2,33,2,6,4,5,1,9,12,0,6,22,23,20,10,21,8,8,5,16,18,18,1,1,9,6,4,33,119,,51,16,13,2,1,0,6,17,29,23,5,7,2,10,,,,,,,,,,,,,,,
15/12/2009,1140,16,35,9,45,58,31,51,32,24,23,18,6,18,7,43,28,1,2,0,12,23,14,7,6,0,1,9,5,19,19,3,33,1,7,2,11,3,10,15,1,8,16,18,16,15,25,8,2,5,21,13,23,2,6,2,5,3,38,79,,50,14,2,3,2,0,8,15,25,27,9,11,8,13,,,,,,,,,,,,,,,
15/01/2010,909,7,23,13,24,44,34,35,40,11,18,15,5,23,7,21,20,2,3,2,11,14,40,9,4,0,1,6,1,22,25,7,38,4,6,1,3,1,4,17,1,3,11,11,10,5,17,4,3,2,6,19,17,3,0,3,5,3,31,66,,20,15,9,5,1,0,2,12,24,12,3,8,3,14,,,,,,,,,,,,,,,
15/02/2010,1192,23,36,12,47,43,37,54,37,19,23,12,1,22,3,56,24,7,3,1,12,7,54,9,3,0,0,10,0,25,20,5,43,3,6,3,7,4,7,16,6,16,18,19,10,4,30,4,4,3,32,17,16,0,3,8,3,8,30,111,,41,12,13,3,1,0,4,7,32,19,3,9,0,12,,,,,,,,,,,,,,,
15/03/2010,1270,11,27,7,54,45,30,68,42,18,35,18,7,26,7,46,36,4,0,2,14,19,46,8,6,0,3,6,1,25,16,2,25,2,9,4,5,1,9,18,2,10,14,14,15,7,43,8,5,6,16,27,24,1,4,10,5,9,46,99,,42,21,13,5,1,0,7,17,36,35,4,9,1,12,,,,,,,,,,,,,,,
15/04/2010,1153,28,20,18,47,44,44,64,27,16,27,8,7,26,5,59,14,2,3,2,12,17,37,13,5,0,0,6,1,27,21,2,36,4,2,5,9,1,5,12,2,5,7,18,11,15,20,2,3,5,11,11,19,3,6,4,4,9,36,109,,40,9,14,6,3,0,9,7,35,26,4,10,4,10,,,,,,,,,,,,,,,
15/05/2010,1161,17,26,1,52,46,34,56,71,21,27,19,5,26,11,54,17,2,3,1,18,18,25,8,13,1,2,10,1,21,12,6,21,2,7,0,11,2,7,12,2,1,19,20,21,10,29,5,0,5,16,26,20,2,3,5,4,5,38,94,,32,13,4,5,2,0,1,12,23,24,5,12,3,14,,,,,,,,,,,,,,,
15/06/2010,1186,21,34,18,52,34,41,58,61,24,30,25,7,24,10,47,16,0,1,0,10,22,46,10,5,0,2,8,1,24,15,1,24,1,6,1,8,1,6,14,1,8,13,22,16,17,22,4,6,4,16,13,20,2,5,9,1,3,47,93,,32,13,5,4,2,0,8,6,34,27,5,4,2,14,,,,,,,,,,,,,,,
15/07/2010,1149,14,33,13,32,44,27,48,38,13,18,25,4,23,5,44,36,4,4,3,12,15,53,12,19,0,1,6,1,23,20,7,28,1,4,0,9,1,7,14,3,9,15,13,17,12,18,6,3,3,32,20,17,3,2,9,8,3,38,121,,25,11,10,1,1,0,7,15,26,15,6,6,1,12,,,,,,,,,,,,,,,
15/08/2010,1105,6,24,14,40,59,36,59,42,45,19,17,8,27,14,43,16,1,1,2,11,21,36,13,7,0,3,2,4,16,20,2,23,1,4,4,6,5,8,27,2,5,10,20,6,3,28,5,3,3,25,23,12,2,5,4,5,6,25,86,,42,9,7,1,0,0,4,6,28,23,1,4,1,15,,,,,,,,,,,,,,,
15/09/2010,1047,23,37,6,33,50,46,58,40,10,19,27,7,16,7,24,18,2,5,0,7,28,41,10,1,1,1,9,1,30,20,4,25,7,5,2,4,3,9,20,2,5,18,14,14,3,21,14,2,4,22,16,16,3,7,1,4,8,30,42,,28,10,10,5,3,0,8,5,32,14,2,10,7,11,,,,,,,,,,,,,,,
15/10/2010,967,9,19,8,46,39,21,36,46,25,23,15,6,23,3,29,17,1,3,1,13,7,33,13,1,0,2,8,1,10,14,3,32,3,5,0,3,0,6,10,3,7,23,16,9,9,12,5,7,2,37,22,12,1,8,5,2,7,17,90,,36,9,6,3,3,0,5,8,20,19,5,7,2,16,,,,,,,,,,,,,,,
15/11/2010,1120,13,18,10,39,41,30,63,52,21,18,28,4,26,7,46,18,2,2,2,14,19,34,20,3,0,4,7,2,20,15,5,29,1,6,3,9,3,10,15,1,7,16,9,10,6,23,8,6,8,17,14,21,1,5,3,3,9,45,100,,34,13,10,3,1,0,9,10,24,18,4,13,2,8,,,,,,,,,,,,,,,
15/12/2010,807,9,19,13,35,30,25,45,14,13,11,16,4,19,4,15,24,2,2,1,11,12,30,9,4,0,0,5,0,13,11,2,29,1,5,4,6,3,7,5,2,7,10,13,7,10,12,6,6,2,19,11,16,2,2,4,3,3,40,60,,21,11,10,2,2,0,3,9,26,15,3,5,1,6,,,,,,,,,,,,,,,
15/01/2011,685,6,22,7,,,,,,,,12,2,6,1,26,8,2,4,4,7,12,33,8,2,2,1,6,1,14,12,0,19,0,4,3,3,0,3,14,0,3,7,12,2,2,10,3,1,4,17,7,10,1,5,5,2,0,20,48,,20,10,2,4,2,0,6,10,19,9,4,7,1,7,181,,,,,,,,,,,,,,
15/02/2011,810,11,22,7,,,,,,,,17,3,19,5,23,21,2,2,2,2,9,34,10,4,1,0,7,1,15,9,3,22,5,1,1,3,1,5,11,3,5,6,4,2,10,17,2,10,6,18,14,11,0,4,3,1,0,34,46,,28,5,9,5,1,0,4,5,16,18,9,12,0,9,215,,,,,,,,,,,,,,
15/03/2011,889,8,32,9,,,,,,,,17,7,28,2,19,24,1,3,1,8,15,30,6,2,0,0,3,1,16,15,2,19,3,6,1,4,1,8,10,0,1,4,13,12,7,24,3,4,7,21,16,7,2,7,8,2,8,35,33,,27,10,14,3,3,0,2,6,25,16,4,11,2,4,247,,,,,,,,,,,,,,
15/04/2011,785,6,17,9,,,,,,,,11,4,17,4,34,17,1,0,0,11,14,33,4,2,0,1,5,1,13,4,1,21,0,4,1,5,1,7,10,2,4,7,12,4,8,18,1,4,0,15,13,10,0,5,2,3,4,28,49,,36,14,8,1,1,0,5,10,14,7,2,1,3,9,227,,,,,,,,,,,,,,
15/05/2011,955,9,28,10,,,,,,,,6,9,20,2,42,16,1,4,1,11,13,41,12,4,0,1,2,1,18,14,0,20,1,4,1,2,1,3,14,1,9,13,16,10,12,13,4,5,2,19,11,16,2,3,2,6,11,43,100,,33,10,16,3,2,0,8,8,29,9,8,9,3,10,198,,,,,,,,,,,,,,
15/06/2011,814,10,19,10,,,,,,,,11,7,15,3,59,14,1,2,0,10,10,38,6,6,0,0,4,0,11,5,2,17,3,8,0,4,2,3,9,2,7,9,13,6,4,17,6,2,1,12,10,16,0,9,4,5,4,16,38,,30,8,6,6,3,0,4,10,26,14,2,9,2,18,206,,,,,,,,,,,,,,
15/07/2011,951,6,22,13,,,,,,,,16,7,18,7,49,19,2,2,1,9,8,40,1,5,1,0,9,5,10,8,6,23,2,2,3,6,4,6,17,2,6,10,11,8,12,29,7,4,4,26,22,9,2,4,2,6,3,21,66,,38,11,9,4,1,0,4,11,20,12,1,4,1,11,243,,,,,,,,,,,,,,
15/08/2011,1159,10,19,11,,,,,,,,28,4,11,19,61,17,2,0,0,13,12,40,14,1,0,0,9,1,17,20,6,28,1,0,2,3,1,8,17,1,4,17,13,8,14,19,4,6,6,32,17,13,5,2,2,4,4,45,128,,52,14,6,4,1,1,4,10,31,17,6,14,1,6,273,,,,,,,,,,,,,,
15/09/2011,982,12,28,14,,,,,,,,20,4,25,8,35,20,2,3,1,10,20,45,7,2,0,1,4,1,8,13,2,15,0,6,1,3,2,8,16,1,7,8,7,3,15,10,2,4,1,19,12,15,2,13,2,9,6,44,61,,45,8,12,6,1,0,7,7,24,14,4,6,2,7,262,,,,,,,,,,,,,,
15/10/2011,1035,7,21,12,,,,,,,,17,7,19,6,46,16,3,1,1,17,10,44,12,4,0,1,8,2,17,13,6,15,2,1,1,9,1,7,7,0,5,5,15,5,7,20,7,5,4,23,6,17,0,6,2,3,2,65,51,,36,18,7,8,0,0,5,6,23,13,5,5,3,13,312,,,,,,,,,,,,,,
15/11/2011,1187,9,26,13,,,,,,,,24,5,27,7,39,25,3,2,2,13,18,60,4,3,0,1,9,1,19,13,4,31,1,3,6,4,6,7,14,1,4,12,13,8,8,22,3,5,6,17,14,17,3,4,5,5,6,72,41,,47,18,17,7,3,5,8,12,31,21,4,6,3,9,331,,,,,,,,,,,,,,
15/12/2011,860,6,16,11,,,,,,,,12,4,10,5,47,13,4,3,0,1,8,24,6,6,0,1,3,1,7,8,4,17,4,5,0,3,1,13,10,0,7,9,16,9,6,21,0,0,4,14,8,15,1,8,3,3,12,55,48,,48,10,10,2,0,0,6,4,20,22,5,9,2,7,223,,,,,,,,,,,,,,
15/01/2012,834,8,18,13,,,,,,,,2,2,19,14,40,14,2,4,1,7,5,32,8,3,0,1,5,0,14,8,3,16,2,2,0,3,1,8,6,2,4,8,11,5,3,18,5,6,4,20,13,10,1,11,2,1,7,61,51,,49,11,11,4,3,0,5,5,25,12,2,6,1,3,193,,,,,,,,,,,,,,
15/02/2012,1043,16,30,9,,,,,,,,13,5,20,9,29,14,2,2,3,13,14,44,6,5,0,0,6,0,14,17,0,17,5,2,5,6,1,11,9,3,1,14,9,7,9,27,8,6,7,19,8,14,3,4,3,1,5,65,61,,39,24,12,1,3,0,4,4,20,20,3,10,3,6,293,,,,,,,,,,,,,,
15/03/2012,1242,18,31,15,,,,,,,,13,1,18,18,52,24,4,2,1,11,11,41,8,2,0,0,4,0,15,13,1,23,2,9,3,4,2,9,12,8,9,11,13,11,9,20,8,6,1,26,19,12,0,13,1,1,12,99,62,,54,13,11,3,2,0,8,14,25,20,5,6,3,13,358,,,,,,,,,,,,,,
15/04/2012,959,8,18,7,,,,,,,,17,2,15,10,35,18,1,2,2,9,10,41,5,2,0,0,6,1,11,13,3,23,0,4,5,3,2,3,9,0,5,14,7,1,12,10,2,3,5,16,6,9,1,5,4,1,18,69,68,,45,10,13,5,1,0,6,10,21,12,0,6,1,6,282,,,,,,,,,,,,,,
15/05/2012,1213,8,15,11,,,,,,,,14,5,38,4,49,16,1,0,0,12,16,44,4,3,0,0,6,0,12,17,2,25,3,5,5,9,0,15,12,0,4,5,7,13,9,20,6,3,5,19,25,11,8,9,3,0,13,121,102,,51,20,9,4,2,0,4,11,26,22,4,9,1,11,305,,,,,,,,,,,,,,
15/06/2012,1032,10,16,8,,,,,,,,9,3,23,3,37,18,2,1,0,11,14,40,6,1,0,0,3,0,18,11,1,21,1,3,0,4,0,8,14,2,3,8,7,7,8,21,4,7,5,21,18,24,1,8,6,1,13,68,71,,73,9,11,1,0,0,13,12,23,37,1,6,3,9,245,,,,,,,,,,,,,,
15/07/2012,1106,10,33,9,,,,,,,,18,4,28,7,47,20,1,2,0,6,18,56,10,6,0,0,4,0,15,17,0,14,3,4,4,4,1,6,13,2,5,15,9,5,9,17,7,7,1,26,12,13,1,15,5,2,7,98,80,,62,17,12,0,4,0,5,6,28,18,5,6,1,6,240,,,,,,,,,,,,,,
15/08/2012,1247,10,28,7,,,,,,,,17,5,23,5,39,28,4,3,1,15,18,57,4,0,0,0,7,0,17,14,0,24,2,4,1,2,0,12,18,0,7,11,7,11,5,25,5,11,6,24,19,13,1,8,4,4,14,115,87,,77,25,13,3,1,0,6,9,27,30,2,8,1,5,298,,,,,,,,,,,,,,
15/09/2012,1225,6,32,8,,,,,,,,18,7,30,8,56,16,1,2,3,6,18,47,8,6,1,1,1,1,12,11,2,18,2,3,2,6,0,10,16,2,6,18,10,8,8,17,4,7,5,24,17,12,4,7,0,2,14,100,101,,82,14,15,4,3,0,4,14,22,14,4,2,4,12,307,,,,,,,,,,,,,,
15/10/2012,1320,10,28,12,,,,,,,,17,11,35,7,45,19,4,0,2,11,11,54,10,4,1,1,2,1,19,14,3,32,4,3,2,10,2,10,10,1,11,10,9,7,6,16,5,1,8,33,15,17,1,7,5,3,15,62,108,,81,25,12,5,3,0,9,10,35,19,4,3,6,7,367,,,,,,,,,,,,,,
15/11/2012,1466,13,26,12,,,,,,,,17,5,36,9,39,23,1,1,1,18,20,60,5,5,0,2,4,0,13,8,1,30,2,6,2,8,2,10,14,1,8,17,13,12,6,18,4,8,4,35,18,18,5,3,3,3,14,109,104,,101,18,14,5,0,0,7,12,57,31,5,7,3,12,398,,,,,,,,,,,,,,
15/12/2012,1046,12,23,7,,,,,,,,10,2,17,7,28,17,2,1,1,12,17,39,8,2,0,0,3,0,12,7,2,21,1,4,2,8,3,7,14,5,6,7,7,5,6,16,1,5,4,24,16,11,3,3,0,2,12,78,67,,57,15,12,4,2,1,5,8,24,15,2,5,4,7,318,,,,,,,,,,,,,,
15/01/2013,1128,7,20,12,,,,,,,,8,0,29,6,28,19,1,1,2,6,23,55,8,1,0,0,2,3,10,6,3,28,1,7,1,0,0,12,13,0,3,6,9,18,6,17,9,6,3,21,10,7,4,1,0,5,14,102,105,,58,20,9,9,2,0,5,10,30,12,1,4,0,4,306,,,,,,,,,,,,,,
15/02/2013,1273,11,25,9,,,,,,,,14,3,39,8,53,23,2,2,0,6,16,54,6,5,0,0,11,0,11,6,1,26,3,3,2,4,0,4,12,1,8,10,9,14,8,16,5,9,2,19,19,19,6,7,4,2,13,103,129,,68,22,16,3,4,0,7,10,22,26,1,3,1,9,319,,,,,,,,,,,,,,
15/03/2013,1306,24,22,8,,,,,,,,22,4,37,7,44,16,1,1,1,12,7,47,10,4,0,0,5,1,15,6,2,21,1,6,2,5,0,5,19,1,6,13,10,7,7,19,4,8,3,32,15,13,2,8,3,1,9,94,105,,111,20,25,5,1,0,6,7,15,20,7,6,2,6,360,,,,,,,,,,,,,,
15/04/2013,1351,11,31,4,,,,,,,,14,5,25,10,60,29,5,1,1,13,16,44,5,9,0,1,6,0,14,7,4,21,1,10,5,8,3,6,13,4,2,7,7,8,16,22,7,5,5,17,13,17,3,4,3,0,11,79,130,,111,16,16,4,7,0,4,11,31,20,4,4,5,7,369,,,,,,,,,,,,,,
15/05/2013,1524,12,26,15,,,,,,,,13,5,42,10,70,26,1,3,1,11,18,65,5,7,1,1,8,1,16,15,4,26,0,2,3,6,0,5,22,2,9,13,12,7,9,15,3,5,3,28,14,17,3,6,2,4,12,91,122,,155,14,24,6,1,0,8,15,43,19,0,7,0,9,406,,,,,,,,,,,,,,
15/06/2013,1241,9,23,6,,,,,,,,12,6,25,8,34,18,0,1,0,5,24,55,5,8,0,1,5,0,21,9,1,20,4,4,0,4,0,6,11,1,11,7,10,9,14,18,5,6,3,25,6,10,2,1,2,5,4,77,131,,91,6,13,4,1,0,4,7,45,22,4,7,0,15,350,,,,,,,,,,,,,,
15/07/2013,1485,15,37,14,,,,,,,,16,3,48,10,46,18,1,1,0,16,15,75,3,9,0,0,8,0,21,11,0,21,0,4,2,0,0,11,24,1,5,11,8,8,9,19,6,6,1,16,12,19,3,4,6,5,12,93,175,,124,24,6,3,1,1,3,10,35,19,2,1,1,11,396,,,,,,,,,,,,,,
15/08/2013,1454,10,25,12,,,,,,,,19,3,43,10,41,25,0,5,1,15,18,71,8,7,0,0,5,0,10,10,2,28,2,3,0,2,1,5,14,0,7,15,17,11,10,24,4,6,3,13,24,12,3,5,3,4,12,88,152,,121,25,25,7,1,0,3,8,45,38,4,4,1,7,357,,,,,,,,,,,,,,
15/09/2013,1513,14,33,15,,,,,,,,17,3,31,11,52,32,3,2,0,9,27,58,1,4,0,6,3,0,12,12,1,25,3,5,1,3,2,7,28,1,6,12,8,9,5,31,4,4,3,27,7,17,2,4,3,2,5,90,200,,120,24,14,3,0,0,4,16,51,23,6,6,2,9,375,,,,,,,,,,,,,,
15/10/2013,1545,14,31,12,,,,,,,,12,5,34,4,55,29,2,5,2,15,14,67,3,4,0,1,5,1,20,8,2,27,3,2,3,6,0,9,17,1,7,9,9,14,7,29,2,4,3,30,9,11,4,3,4,3,12,115,221,,120,13,15,1,3,0,5,9,38,35,4,9,3,10,371,,,,,,,,,,,,,,
15/11/2013,1519,15,32,11,,,,,,,,19,5,37,7,56,26,3,4,1,7,15,74,5,5,0,1,5,1,12,6,3,25,2,6,0,10,2,5,13,1,3,11,14,3,5,22,5,3,6,23,11,7,1,7,3,4,10,110,179,,95,13,12,5,2,0,6,14,48,18,2,8,5,6,444,,,,,,,,,,,,,,
15/12/2013,1382,19,27,10,,,,,,,,15,4,37,6,51,27,1,1,1,16,17,60,5,2,0,0,9,1,25,14,3,25,1,8,3,4,0,8,14,0,10,15,8,9,14,22,7,6,2,19,14,18,2,5,1,9,3,85,219,,96,12,15,7,6,0,7,17,38,23,1,6,2,5,265,,,,,,,,,,,,,,
15/01/2014,1352,16,34,9,,,,,,,,10,1,34,4,28,21,2,1,2,9,15,72,6,7,0,1,3,1,15,8,2,26,0,6,3,7,1,3,7,2,4,8,4,10,11,21,1,3,1,15,24,14,1,2,8,1,14,80,230,,92,17,13,4,1,0,2,8,43,15,9,7,0,8,325,,,,,,,,,,,,,,
15/02/2014,1493,13,33,19,,,,,,,,16,7,50,7,24,37,5,2,0,8,16,81,5,2,0,1,4,1,13,8,3,24,0,3,1,7,4,2,10,0,4,11,21,12,16,20,2,3,3,17,11,10,2,2,4,4,6,66,244,,124,6,11,4,1,0,9,10,28,24,4,5,2,3,398,,,,,,,,,,,,,,
15/03/2014,1632,13,35,10,,,,,,,,17,6,38,11,34,29,4,5,0,14,16,61,5,1,0,0,6,1,12,13,2,31,3,5,0,5,3,10,13,1,6,17,11,5,14,21,3,7,8,20,14,14,5,3,2,2,14,93,276,,98,12,15,3,3,0,5,13,46,24,5,6,2,9,452,,,,,,,,,,,,,,
15/04/2014,1374,13,11,11,,,,,,,,16,3,37,13,36,27,0,0,0,10,14,51,6,2,1,0,6,1,12,7,3,24,1,3,0,2,2,11,23,1,7,10,13,6,14,27,2,1,5,15,5,11,1,3,7,3,11,67,211,,85,10,14,4,0,0,4,13,35,20,4,9,1,9,400,,,,,,,,,,,,,,
15/05/2014,1685,8,23,16,,,,,,,,19,3,46,14,33,35,2,3,2,12,11,82,7,10,0,2,8,0,18,14,2,34,2,1,3,7,1,8,22,3,10,15,13,9,22,20,8,2,3,30,10,20,5,2,4,4,13,84,266,,100,14,18,4,2,0,7,22,59,35,4,10,2,6,411,,,,,,,,,,,,,,
15/06/2014,1490,24,17,8,,,,,,,,21,3,45,4,38,31,2,3,0,12,23,65,7,5,1,2,4,2,11,12,1,21,0,4,0,4,0,6,5,2,4,13,10,9,18,26,4,5,3,21,10,13,2,1,2,2,13,79,242,,104,11,23,2,2,0,10,15,60,26,5,5,1,13,353,,,,,,,,,,,,,,
15/07/2014,1584,16,27,15,,,,,,,,27,8,43,9,25,26,5,3,0,12,17,84,8,4,0,1,5,0,9,14,4,24,2,2,1,4,1,5,7,0,12,10,13,13,25,20,5,4,4,24,9,14,2,1,4,0,11,68,275,,124,15,11,5,4,0,11,15,46,35,2,7,0,7,380,,,,,,,,,,,,,,
15/08/2014,1483,23,30,16,,,,,,,,29,6,48,3,42,29,0,1,1,6,24,86,4,4,1,1,7,0,19,10,2,17,1,0,3,5,1,10,9,3,8,12,13,3,21,13,1,5,5,15,15,10,0,6,2,5,9,49,244,,114,19,20,1,2,0,6,11,43,19,3,7,4,10,347,,,,,,,,,,,,,,
15/09/2014,1492,12,16,14,,,,,,,,13,7,41,8,29,21,1,1,0,9,20,78,3,6,0,0,3,0,15,10,2,30,2,5,1,7,4,12,12,1,8,15,15,8,11,18,5,2,2,15,20,16,4,1,1,3,14,28,251,,91,9,16,5,6,0,9,20,56,24,5,8,0,8,415,,,,,,,,,,,,,,
15/10/2014,1689,18,35,25,,,,,,,,15,3,41,5,32,19,5,3,1,13,29,63,9,3,1,1,3,1,11,17,2,29,3,1,3,3,1,2,18,1,8,12,11,6,8,28,7,8,3,15,16,17,3,2,3,3,8,77,324,,118,16,19,5,1,0,4,16,65,25,7,10,1,4,423,,,,,,,,,,,,,,
15/11/2014,1639,21,37,6,,,,,,,,15,6,30,9,61,34,4,0,0,11,17,82,6,3,1,2,2,1,18,11,3,22,0,3,2,8,3,4,9,0,7,12,12,5,35,10,6,3,2,21,8,12,0,3,4,2,6,65,301,,126,11,11,5,2,0,8,10,42,26,5,5,2,8,433,,,,,,,,,,,,,,
15/12/2014,1446,13,35,8,,,,,,,,13,8,32,6,40,24,0,3,2,26,24,64,9,5,0,3,1,0,12,7,1,32,1,2,2,5,3,4,15,1,3,13,17,10,9,17,3,4,2,14,11,13,2,3,3,2,10,63,251,,108,9,15,4,1,0,2,16,34,16,6,10,4,8,362,,,,,,,,,,,,,,
15/01/2015,1141,7,18,12,,,,,,,,7,6,14,3,26,16,0,1,0,15,11,75,2,3,0,1,5,0,9,5,1,30,0,4,0,5,1,5,9,0,8,8,16,3,5,16,1,2,2,23,6,13,3,3,3,3,3,40,189,,69,23,14,3,2,0,6,9,42,22,1,11,0,7,294,,,,,,,,,,,,,,
15/02/2015,1349,14,29,10,,,,,,,,15,7,25,7,53,35,2,0,2,9,14,63,5,4,0,0,5,1,21,7,4,21,1,2,3,2,1,6,19,0,5,8,15,6,10,34,4,1,5,19,15,13,5,2,2,5,8,55,193,,81,14,8,3,2,0,4,9,40,17,4,7,2,5,361,,,,,,,,,,,,,,
15/03/2015,1640,18,34,11,,,,,,,,25,7,42,12,42,35,3,3,1,15,17,82,8,8,0,1,4,1,14,6,7,23,4,3,1,3,2,10,15,1,4,9,11,15,17,30,3,6,9,24,7,14,4,1,7,4,14,69,224,,104,16,20,4,5,0,8,5,42,27,4,7,1,18,449,,,,,,,,,,,,,,
15/04/2015,1365,13,21,11,,,,,,,,18,7,44,2,42,24,2,1,1,15,17,78,6,6,0,0,0,0,15,13,5,21,0,5,1,4,0,7,6,3,6,11,14,12,10,17,3,1,4,17,12,14,2,0,4,4,6,35,147,,123,18,11,6,1,0,4,13,55,25,1,7,0,7,387,,,,,,,,,,,,,,
15/05/2015,1587,16,32,11,,,,,,,,15,4,42,9,57,21,0,5,1,16,27,90,5,6,0,3,4,0,19,8,2,28,1,3,2,6,1,15,14,0,3,8,14,16,34,35,3,6,5,27,9,23,1,2,4,2,11,65,176,,92,21,12,2,1,0,3,9,46,32,3,6,0,9,444,,,,,,,,,,,,,,
15/06/2015,1502,14,21,20,,,,,,,,17,6,54,6,62,22,1,5,0,15,16,110,5,4,0,0,4,0,10,4,1,26,0,2,0,5,1,2,18,0,4,11,11,5,7,24,1,0,4,31,12,13,3,4,4,3,12,49,201,,92,18,18,3,0,0,6,17,62,17,6,2,2,3,406,,,,,,,,,,,,,,
15/07/2015,1799,19,35,16,,,,,,,,17,6,53,11,97,40,4,6,2,22,33,100,6,6,1,3,5,0,9,15,3,33,3,5,4,5,2,5,22,0,11,14,17,14,12,26,8,2,4,29,12,18,2,1,4,6,10,65,208,,80,19,24,4,2,0,9,18,78,33,5,5,0,8,463,,,,,,,,,,,,,,
15/08/2015,1617,19,48,18,,,,,,,,11,4,49,8,70,39,2,3,0,20,18,102,3,5,0,2,4,0,11,11,0,18,3,2,1,3,1,15,8,1,20,12,11,5,17,13,3,4,2,30,23,14,4,3,1,5,3,40,217,,92,21,18,5,1,1,5,14,47,20,3,3,2,9,450,,,,,,,,,,,,,,
15/09/2015,1781,20,44,20,,,,,,,,23,9,62,10,89,43,2,8,0,21,30,112,14,7,0,2,6,1,15,12,2,36,0,2,3,3,0,7,11,2,16,14,10,7,13,20,4,3,1,24,7,18,3,0,3,1,8,42,213,,119,17,16,5,1,0,6,16,42,21,3,8,2,8,494,,,,,,,,,,,,,,
15/10/2015,1732,14,45,16,,,,,,,,20,6,51,13,67,45,5,7,0,17,30,141,8,2,0,2,5,0,14,17,2,24,0,4,1,7,1,10,24,3,7,16,9,4,10,20,4,2,5,23,9,13,0,0,3,3,8,45,180,,116,13,17,6,1,1,1,18,75,18,1,8,3,6,486,,,,,,,,,,,,,,
15/11/2015,1864,22,49,14,,,,,,,,26,7,54,14,81,41,4,6,2,17,28,139,9,7,0,0,6,0,18,13,1,25,1,3,0,7,2,9,19,2,5,14,19,18,14,20,4,6,5,30,13,14,0,1,1,1,8,35,182,,135,19,16,4,0,0,6,16,76,22,8,9,4,7,526,,,,,,,,,,,,,,
15/12/2015,1661,19,38,19,,,,,,,,14,8,61,15,80,46,4,4,3,20,38,102,4,8,0,2,1,0,19,9,4,26,0,5,3,5,3,11,22,5,16,17,15,4,14,24,3,2,5,27,9,12,1,2,3,4,6,37,173,,104,11,20,6,5,0,5,17,53,24,2,4,2,11,425,,,,,,,,,,,,,,
15/01/2016,1286,12,43,12,,,,,,,,17,4,78,15,59,23,0,4,0,14,29,100,7,8,0,2,4,1,18,11,4,19,1,2,2,4,0,7,12,1,16,6,10,8,4,14,4,1,1,24,18,8,0,1,1,1,4,26,111,,62,11,11,2,2,0,0,9,52,10,1,4,0,5,346,,,,,,,,,,,,,,
15/02/2016,1712,14,43,21,,,,,,,,19,8,82,14,42,32,1,3,0,20,38,114,8,5,0,1,2,0,17,11,1,46,4,4,1,5,2,14,16,0,4,12,21,8,11,27,10,3,2,27,13,13,1,2,3,2,7,32,176,,114,9,11,6,3,0,11,19,75,38,5,3,0,9,447,,,,,,,,,,,,,,
15/03/2016,1815,25,52,15,,,,,,,,25,10,73,19,54,37,2,3,0,16,47,110,14,7,0,2,5,0,20,17,0,32,1,4,2,4,2,12,19,4,9,16,19,8,14,21,0,5,5,24,14,20,3,3,5,1,2,46,189,,102,9,11,4,1,0,8,20,55,33,0,4,2,11,518,,,,,,,,,,,,,,
15/04/2016,1742,24,55,23,,,,,,,,17,10,66,14,44,30,3,5,0,18,42,92,8,6,0,2,3,0,22,20,0,23,2,4,0,3,0,12,18,1,18,11,22,8,14,23,3,3,6,36,11,9,0,2,0,2,5,38,199,,93,16,18,9,1,0,7,21,42,17,2,4,1,7,527,,,,,,,,,,,,,,
15/05/2016,1956,17,43,17,,,,,,,,20,13,74,20,48,49,3,4,1,21,55,128,12,9,0,1,8,1,15,9,4,30,1,4,3,5,2,11,36,1,9,24,22,26,15,24,6,2,5,21,17,13,1,2,2,5,10,43,200,,104,21,14,12,3,0,5,24,61,29,2,4,0,10,555,,,,,,,,,,,,,,
15/06/2016,1863,21,40,18,,,,,,,,30,10,68,18,74,50,0,4,0,28,43,134,7,5,1,2,3,0,19,13,3,25,0,5,1,4,4,18,10,0,21,17,14,11,7,22,4,4,4,37,17,21,2,2,1,3,9,42,179,,107,14,20,7,0,0,3,28,69,31,4,6,2,8,489,,,,,,,,,,,,,,
15/07/2016,1761,25,44,21,,,,,,,,20,14,70,15,70,41,1,9,0,18,52,96,5,7,0,2,3,0,19,19,4,45,6,4,2,7,2,13,21,1,16,15,22,12,16,22,10,9,5,25,10,31,2,1,1,2,4,29,141,,84,10,24,4,0,0,4,25,78,39,3,4,1,4,452,,,,,,,,,,,,,,
15/08/2016,2015,35,56,35,,,,,,,,28,11,48,23,89,39,4,5,0,25,40,104,11,9,3,3,2,0,21,15,0,41,1,2,1,16,2,15,17,1,19,27,16,18,11,32,9,6,7,34,22,17,5,0,5,2,6,51,156,,123,19,13,6,3,2,4,36,79,34,5,4,1,7,534,,,,,,,,,,,,,,
15/09/2016,1892,20,44,28,,,,,,,,21,10,65,13,83,32,3,4,1,30,37,118,6,9,0,1,5,1,19,13,3,37,1,2,3,10,4,11,21,0,13,21,24,20,20,27,4,4,7,27,16,19,5,1,3,1,6,40,163,,108,9,17,3,2,1,7,36,76,33,0,9,1,9,505,,,,,,,,,,,,,,
15/10/2016,1802,17,69,22,,,,,,,,28,7,69,15,69,34,3,6,1,30,44,126,5,2,0,1,2,1,25,12,6,22,2,2,1,7,2,11,24,0,10,20,34,11,19,25,8,8,10,28,25,21,3,3,4,4,2,35,138,,88,9,18,10,2,0,7,34,56,27,3,9,2,11,453,,,,,,,,,,,,,,
15/11/2016,1886,30,68,27,,,,,,,,27,19,80,12,81,45,5,0,0,28,38,98,15,11,0,2,9,2,24,16,3,41,2,5,2,16,2,15,27,4,21,20,23,11,12,13,6,7,14,31,23,18,1,1,0,1,4,38,145,,102,11,29,9,1,0,4,37,45,38,6,6,2,10,443,,,,,,,,,,,,,,
15/12/2016,1580,25,45,19,,,,,,,,27,10,57,8,42,43,3,2,0,21,36,85,6,12,0,2,3,0,15,10,2,32,2,11,8,9,1,11,16,2,17,22,24,9,11,20,5,2,8,24,16,18,1,3,4,2,7,45,117,,92,12,20,6,1,0,4,19,59,37,3,6,2,8,391,,,,,,,,,,,,,,
15/01/2017,1253,20,37,9,,,,,,,,17,9,43,20,27,25,4,0,0,17,22,73,5,13,4,0,3,0,15,10,2,29,2,5,4,9,2,9,26,1,6,18,16,6,12,15,3,5,3,20,9,18,2,0,3,2,6,36,113,,75,15,12,6,1,0,7,30,40,22,6,8,0,4,272,,,,,,,,,,,,,,
15/02/2017,1761,32,73,21,,,,,,,,22,9,62,12,56,52,6,7,2,16,34,140,8,6,0,3,7,1,22,21,1,32,3,3,4,11,3,18,26,2,12,22,20,6,15,20,13,3,10,22,11,18,1,2,7,2,5,35,110,,98,17,9,7,1,2,7,36,68,32,4,6,1,12,412,,,,,,,,,,,,,,
15/03/2017,1923,29,50,23,,,,,,,,26,9,81,17,60,30,4,6,2,15,31,130,6,8,0,1,3,1,19,16,4,44,3,4,6,9,0,13,20,4,13,17,16,8,28,23,12,15,8,18,20,21,2,5,7,7,17,57,126,,97,15,12,7,0,0,6,33,79,43,3,7,1,10,516,,,,,,,,,,,,,,
15/04/2017,1487,24,42,20,,,,,,,,20,4,51,8,45,27,4,7,1,19,37,108,3,3,1,0,6,0,18,11,4,24,2,2,2,11,0,12,30,1,11,15,19,7,10,24,7,3,8,27,20,17,0,2,1,5,8,26,101,,101,6,16,10,1,0,8,24,52,23,1,3,0,12,372,,,,,,,,,,,,,,
15/05/2017,2039,37,47,20,,,,,,,,30,25,63,12,27,51,5,4,1,23,34,131,7,13,1,1,2,0,26,36,4,37,4,5,3,10,6,16,25,1,14,21,22,18,26,38,11,5,8,38,25,34,5,1,4,2,10,56,153,,138,15,17,4,3,4,6,31,58,29,4,5,2,12,513,,,,,,,,,,,,,,
15/06/2017,1691,18,59,11,,,,,,,,32,1,51,17,26,38,2,2,0,27,40,137,11,9,0,4,5,0,19,30,2,40,4,1,2,5,3,15,20,1,28,24,9,20,12,32,6,14,10,28,10,18,3,1,2,3,6,33,102,,108,13,13,9,2,0,4,35,72,29,7,11,1,6,388,,,,,,,,,,,,,,
